text,label
pesan resmi dr pt.tricare slamat no anda tpilih mndpt hadiah 1unit mobil honda jazz pin pmenang anda 454647lm u info klik,penipuan
"bagi yang sudah diuji segera diserahkan dgn dijilid, bagi yg sdg nunggu diuji sabar tuk sesuaikan waktupenguji..",normal
"hari terakhir! kunjungi galeri smartfren skrng, buat kamu andromax a 4g jd 99rb nrml 649rb . tunggu apa lagi?!stok terbatas.sd 22agt.s k.info88.dl46j",promo
pembayaran nya bulan ini kalau mau di bayar harap telpon sms dulu ke atasan kami bpk.dedy. hp 08522118517.terima kasih.,penipuan
uangnya di trnsfer di bni ini aja a n rastina no.rek.0253 7915 37.klo sdh d trnsfer sms aja di no ini 08529335598 trmks.,penipuan
"semau maunya kita ama orang, gak bakal jadi kalau gak jodoh. segeleh gelehnya pasti bakal nikah kalopun jodoh",normal
mau nitip ga saya lagi di gerlong.,normal
"toko jember promo discon 50 keyboard yahama dakota rp. 2,8 jt, onix3 rp. 2,2 jt, gemini rp. 800 rb info sms 085234234117 pin bb 295c6d02",penipuan
promo diperpanjang! gratis mifi modem 4g hanya untukmu. tunjukan sms ini di galeri smartfren isi pulsa 100rb utk bawa pulang mifi favoritmu. s d23nov. dl40k,promo
"selamat tambahan flash anda sudah aktif, berlaku s.d. 2016 08 07 23 59 59.",promo
kalo engga belakang aqila ada 600 bulan gatau masih apa engga deh,normal
selamat anda pemenang undian pop mie mendapatkan hadiah 1unit mobil nissan juke pin anda b89c7h9 untuk info klik situs kami di,penipuan
"ribet bolak balik cek pulsa cek sisa kuota internetmu? download aja aplikasi mycare, hanya 1x klik semua jadi mudah. akses di",promo
pesan resmi selamat no simcard anda m dptkan hadiah cek rp.100juta dr tri care pin 7y7r8k9z info kelik,penipuan
selamat no.sim card anda m dptkan hadiah 1 unit mobil toyota yaris pin 8jf2177 u info hub 0895343233477 klik awas penipuan,penipuan
"hayu dateng, mumpung ada ustad fatih karim,beliau yg mengislamkan ustad felix siaw",promo
"pesan resmi dri tri 3care, slmt anda mdpt hadiah 1 unit mobil honda jazz rs. no.pin pemenang anda 47bl759. utk info kunjungi",penipuan
manfaatkan segera creditcard anda utk apply pinjaman 20 250jt ada cashback berminat hub bintang 021 27450166.tks,penipuan
kalian udh brp kali bimbingan? ngomongin apa aja aku blm pernah,normal
gaais dlm semenit aja aku jd nasabah btpn wkwk,normal
abis maghrib yaa,normal
"raih smartphone, diskon merchant free internet, voice, sms di promo 71 tahun ri dengan tukar 17 telkomsel poin mulai 15ags16 hanya di mytelkomsel apps",promo
isi ulang pulsa rp.500 regular oleh hd com 4 sukses pada 09 02 12 34.ref 763179369.gratis pulsa sd 250rb hg 7hr 7mlm.ktk gratis krm ke 123,penipuan
"untuk yg kontrak game prog dan juga dwm kita jadwalkan untuk ikut gemastik. ini kompetisi terbesar antar prodi ilkom if, dan kita punya peluang besar untuk bidang ini.",normal
"bonus rp. 5,00 untuk kamu! cukup kirim sms 2x hari ini untuk mendapatkan bonusnya, khusus hari ini saja! t483",promo
nama1 itu msh pake db aku yg lama itu msh anomali bisa nyesuain ga,normal
"wah repot kalo asumsinya gitu, kadang ada yg ganti kelompok. biasakan setiap dokumen itu ada nama, klau saya print lalu saya periksanya offline bingung kan mau dimasukkan ke mana kalau gak ada nama satupun.",normal
"isi saldo nya bisa di grapari, indomaret, ato di tf dari bca",normal
hot promo! dptkan extra pulsa tsel 50rb dg beli paket internet pertama kali di my telkomsel app sjk 25 agsts 25 sept. cek detail paketnya di tsel.me mytsel1,promo
"pusatnya disitu dy di bandung pasir koja, cmn bangunan lg dibangun, jd td aku di interview di toko nya, toko bangunan",normal
"penawaran khusus! bonus kuota 500mb 1hr ! cukup isi ulang min. 5,00 hari ini! ayo buruan isi pulsa sekarang juga. t536",promo
surat keputusan dari tri care indonesia no.xv 2016 pin pemenang anda 67ytg44 terpilih mendapatkan cek sebesar 45jt info kunjungi,penipuan
"semangat yang ibu gita, ibu putri dan bapak adison esok hari. semoga diberikan yang terbaik. aamiin",normal
gaais penamaannya kyk nama1 nih biar rapih,normal
"plgn yth,saya h.rian harino opoerator tri tlah menghubungi anda tapi tidak tersambung jdi informasi ini saya sampaikan lwt sms,sblum hadiah jatuh tempo,selamat no tri anda menang undian dari 3care no pin pemenang anda mg75k7,segera hub kantor tri jakarta 0895 349 076 577 info klik",penipuan
"alhamdulillah, makasih yaa udah meluangkan waktu",normal
"itu teh sebenernya krna terlalu sakit sma orang itu nuy, padahal kalo udah nemu orang baru mah pasti rasanya beda",normal
ke kantor siang aja..,normal
diskon 50 kuota nelpon 20 menit ke smua operator! cuma rp7rb normal rp14rb dg masa aktif panjang. balas sms ini dgn ketik tri. hanya hari ini! v712,promo
"nama1 bisa lembar yg kamrin bisa minta ke pak anto. tp ibu minta yg di bab 2 harus diparafrase kalimatnya, jgn copy paste semua.",normal
"assalamu alaiqum, nenek masuk rumah sakit tolong kirimkan dulu ulsa 50 ribu di nomor ini 0852 3173 7479, mau telpon nanti di rumah sakit saya ganti uangnya.",penipuan
ini rekeningnya bank bri.no rek.018801.006474.53.2.a n ir mayani,penipuan
wow! promo diperpanjang sd 13 agt. khusus kamu! tukar hp smartfrenmu dengan andromax e lte cuma 709rb dr 99rb. ayo datangi gallery smartfren terdekat.,promo
"registrasi gagal. harap masukan tanggal yang benar 01 31 , dengan format ddmmyy",normal
selamat tcash tap anda telah aktif dengan sn 10011398478 tgl. 21 08 2016 12 36 10 info 800,normal
ayah isikan pulsa xl 50rb di no 0818643929 sekarang penting,penipuan
daptkn e tiket pesawat promo melayani domestik and internasional booking online cepat aman hub 08521784577 08231020477 link,penipuan
gunakan tcash untuk bayar tagihan listrik atau beli token listrik! cukup hubungi 800 dan pilih menu pembayaran atau pembelian,promo
udah aa aa semua sih. makan mah sama cewek2. lupa ih mukanya dy aku gak bisa nginget wajah hahaha,normal
besok kekantor saya tunggu jam 9 ya..,normal
nomormu memang yang paling beruntung tes identitas tersedia untukmu! menangkan pulsa rp10rb pada tes ke 30. kirim sms y ke 99455 sekarang! info 838 vd001,promo
"nikmati diskon tarif indosat 01016 001 hingga 70 ke 7 negara chn, mla,hkg,sng,twn,vtm,macau . berlaku 07 28feb13. info hub 100 11 atau 123 ok",promo
pembelian dave s single burger gratis small fries minum. periode 5 11 september 2016. tukarkan sms ini di wendy s terdekat! penawaran terbatas.promo 606,promo
terimakasih. paket 60 mb anda telah aktif. cek bonus 889 . katalog poin lengkap tsel.me telkomselpoin. s k berlaku,normal
"eh di kosan nama1 maksudnya, buat temen nama1 , buat september",normal
"udah di beres2in, tp lampu depannya ada yg mati kl gasalah",normal
setting telah dikirimkan ke ponsel anda. ikuti petunjuk yang diberikan untuk menyelesaikan setting internet dan kirim fot mms,normal
"maaf, keyword yang anda masukkan ke 234 salah. info lanjut hub call center 200",normal
"toko bursa cuci gudang diskon 60 bb dakota 2,3 jt, toch 1,6 jt, gemini 1 jt, laptop info 085322369 pin bb 2a6fb800e",penipuan
boleh yang di depan ramen aa gpp jam 12.39 ya,normal
"iya teh, soalnya kenapa selasa, bapa hari rabu mau berangkat.",normal
tunggu aja dulu di lobi bawah kalo saya belum datang ya..,normal
"terus kalau ada yang nanya, kita masuknya suka pagi sampai siang kadang juga siang sampai sore. gimana dari sananha.",normal
udh teh kata bapa bsk kekantor cuman blm dbls lg jamber.. jd blm pasti jg,normal
meganai ruma bpk ibu yg mau di jual sd di surpai dan sy berminat sy tlpn tdk bisa tembus masalah harga hub suami sy 085399700354 dr.h.irawan,penipuan
yg mau ngampus aku pengen titip bawain skl aku di prodi,normal
"terima kasih telah menjadi pelanggan setia indosatooredoo. download video bonus gratis nelpon 60 menit, hubungi 900 8",promo
uangnya dikirim saja ke rek. bank bni a n. sdr abdul rahman no. rek. 024 8721 191 sms saja kalau sudah dikirim. terima kasih,penipuan
cahaya travel tiket murah promo untuk penerbangan domestic internasional online booking 24 jam hub 08131053788 kelik,penipuan
nama1 helmkuu.,normal
besok yuk dua jam bih dari jam 4 6,normal
nama1 seharusnya cuman nambah table daftar_ulang_ird kalau ada masternya. yg lain kita samain aja ya pake yg aku data_pasien 2 .sql,normal
sayang sekali kamu kalah cepat. tapi jangan khawatir! ayo coba lagi di sesi berikutnya! pastikan kamu membaca pesan dari line indonesia untuk mendapatkan info mengenai waktu dan hadiah pada event sesi berikutnya,penipuan
belanja online toko resky discon 50 bb laptop samsung ipad nokia dll u pemesanan order call sms 085322699 kunjungi web kami di,penipuan
kita lewat kolam renang? di gymnas atau gik,normal
selamat!! anda mendpt hadiah rp. 75 juta. dari telkomsel point edisi september hub kntr pusat 08237527177 ir. dwi hartanto,penipuan
surat keputusan dri pt.tri 3care no.xv 2015 pin_pemenan anda 2f5c477 ber hasil men dapatkan 1 yunit mobil honda jazz rs.u info kunjungi,penipuan
sensasi seru main game yang belum pernah ada. ayo bergabung dengan para heroes di game hit. download gratis di,promo
ini rekeningnya. bank mandiri. a n ali syamsudin. rek 136 001 198 6939,penipuan
senin mah pelepasan doang kan? aku brngktnya selasa apa egi senin berangktnya?,normal
"bonus pulsa 50 dari indosat ooredoo, mau?? ketik 345 dan call dari hp kamu sebelum 28 april 2016",promo
"jangan di agendain, suka ga jadi wkwkwk",normal
plg yth!! nomor anda resmi terpilih sebagai pemenang hadiah ke 2 dari pt.m tronik no pin 2g43f79 u info pengurusan hadiah anda klik,penipuan
gaada buat yg bukan temen mah,normal
"gatau nuy, suruh tunggu aja cenah belom diinvite2 sama apapa aku mah",normal
bpk ibu mengenai rekening anda terpilih sebagai pemenang cek 35jt dri bni u info klik kode cek 03299757 hub.085288991559,penipuan
"ini hujan semalaman ruang tengah sama kamar kayanya gabisa di nyalain harus nunggu kering baru bisa nyala, smg ujannya berenti",normal
"pelanggan yth, selamat, anda men dpt hadiah dr pengundian pt . indofood popmie pin anda fh53x77, u info klik",penipuan
bali mah kudu berapa atuh duitnya,normal
indosatpoin plus plus 2013 selamat simcard 6281571xx resmi terpilih m dpt hadiah pin b89c7h9 di sahkan oleh pt.indosat info klik,penipuan
"slmt simcard anda 08562xx mdpat cek tunai rp.49jt pin rwd2749 info cs,08569137116 atau kunjungi",penipuan
"kemudahan dan keamanan bisnis togel kini berbentuk online, bergabung dan raih keberuntungan anda di satu satunya situs togel online terpercaya",penipuan
tapi daging kurban mentahnya udah ga ada 3,normal
surat keputusan dr tri care no.xv 2015 pin pemenang anda m902cx8j mendapat cek rp. 35juta. u info klik,penipuan
"rumah tanah yg mau di jual,sy ibu ayu sdh survei dan berminat u membeli mslh hrg mhn hub suami saya 08528215722 dr.hj.sopian",penipuan
double kuota internet plus unlimited telpon dan sms dengan paket freedom combo dari indosat ooredoo. segera hub 123 atau,promo
"togel sgp edisi senin 10 06 2013 angka jitu 40,76,65,53,89 di jamin tbs,stlh tbs anda harus krim plsa 100rb sebagai maharnya dkrm ke no 082329969711 ki karso",penipuan
"selamat, anda mendapatkan kuota tsel sebesar 100sms. cek kuota melalui 889 . info",promo
eh kita brati kan makan 2 kali ya?malem ini sma bsok pagi bukan?,normal
kalo aku ngasihinnya habis ashar aja gpp ?,normal
"toko bagus phone promo diskon 50 blackberry dakota rp.2,8jt torchrp 2jt gemini 900rb info sms pin 282f4c55 085776973349 ww.tokobagusphone.com",penipuan
"nama1 dmna ? boleh mnta tolong ss dong bisns proses nya,,",normal
mau liburan gratis ke lombok sambil belajar foto? klik .paket internet hanya rp1500 dpt 7mb 1hr. hub 100 15 .cek status paket di 889,penipuan
guys di bdg ada studi foto yg gini gaak,normal
dapatkan e tiket murah promo untuk penerbangan domestic international booking online info hub 085216181177,penipuan
traveloka.com your e ticket summary 25 07 2016 15 30 xpress xn 738 pdg bdo dzz total 1 passenger s,normal
"jika anda bermasalah dgn cc kt , stres dgn bunga, pelunasan disc s d 75 . hub aty 082134976289 wa 0878869297. legal",penipuan
hmm tiket ke batam berapa duit gile,normal
pelanggan yth slmt kartu gsm anda men dpt tabungan haji rp100jt dari kopi jahe hut ke 61 no pin 25efg477r u info sgr hub 082374432257 pelaksana pt. sidomuncul,penipuan
jam 8 berangkat aja gmn teh,normal
saat2 terbaik mencari pasangan tuh pas kuliah bukan sih? apa enak ditempat kerja?,normal
"pak, mk yang nama1 kontrak data mining dgn kode ik566 bukan dwm, seperti yg bapak sampaikan dulu agar mengingatkan bapak ketika penginputan nilai, terimakasih.",normal
iyalah makin malam makin mahal kek yg suka dijalanan,normal
mau bonus pulsa 50 dari indosat ooredoo?? ketik 345 dan call dari hp kamu sebelum 31 mei 2016,promo
"malem aja lah, jam 5 nanggung banget mw maghrib haha",normal
pt.tri no.v11 3 16 slamat no.simcard anda mraih cek tunai rp.35jt program isi ulang pulsa pin m902cx8j info klik,penipuan
pesan resmi pt.3care indonesia berkat isi ulang no. anda resmi meraih hadiah ke 1 dengan kode pin anda 8jf2177 u info hadiahlik,penipuan
data_pasien itu no_medrec sdgkn daftar ulang itu pake no_register karna field yg akan diisi saat daftar ulang beda maka tablenya beda,normal
"use my invite code, nxmvf722ue, and get a free ride up to rp75,00. redeem it at",promo
jgn lupa malam ini jgn terlalu malam aja. seadanya aja aku jg,normal
"nya sore we atuh gi, kalo mau pagi siang weekend nya",normal
"kartu 4g lte anda telah aktif dapatkan kuota tambahan sd 10gb konten menarik dijaringan 4g, hub 123 46 . info lokasi",promo
januari mah ambil 1x seminggu aja. kan kita masuk seminggu sekali kalau januari.,normal
"dapatkan gratis 1 cappuccino hot ice freza, setiap transaksi min rp75rb di excelso cafe semarang, yogya, solo sd 9 agust 13. tunjukkan sms kpd petugas",promo
"spesial untuk anda! paket flash volume ultima, kuota 1,8gb 30hr, kuota lebih banyak! harga mulai rp60rb di 100 473 . tarif lokasi cek di tsel.me fl",promo
"atau gaperlu ke kampus nama1 , tolong kirimin kuncinya aja make jne cenah ip",normal
"ayo anak medan, beli sticker line dengan pulsamu caranya klik nama stickernya kedan medan",promo
"dapatkan extra kuota 2gb 4g lte dan extra nelpon hingga 100mnt 1hr dg beli paket flash mulai 1gb di my telkomsel app. buruan, cek di tsel.me mytsel1 s k",promo
ada yg lain kok ikan tahu tempe,normal
transfernya ke bri aja a n angga prastia no rek 1172 01 002218 502,penipuan
ayo download axisnet dari play apple store dan aktifkan bronet24jam 5gb 60hr rp44900 dan bronet24jam 3gb 60hr dapat obor 10gb 00 06 rp39800. info838. ld307,promo
"selamat!anda mdptkan satu unit mobil nissan juke dr pt.indofood pin_anda 27tdn55 u info pengambilan hadiah, kunjungi website",penipuan
"nasabah yth, rekening btpn wow! anda sudah aktif. lakukan transaksi melalui 247 menggunakan pin rahasia anda. info hub 1500300.",promo
nikmati discount 20 di bakmi gm setiap hari hny dgn tcash tap! s k berlaku. info tsel.me tappromo,promo
ntar aku kirim link nya,normal
kamu yah yang ngajakin mereka.,normal
"kapan lg beli paket flash mulai 1,3gb di mytelkomsel dpt extra pulsa rp 50rb? utk pembelian pertama sjk 25aug 25sept. cek detail paket di tsel.me mytsel1",promo
"saya keluar kota sd jumat, senin tgl 12 pagi aja jam 9 , gabung sama gameprog.",normal
info resmi tri care selamat nomor anda terpilih mendapatkan hadiah 1 unit mobil dri tri care dengan pin pemenang br25h99 info,penipuan
gais aku sudah brgkt. mau matiin hp,normal
"lebih hemat langganan paket data mingguan. cuma rp10.900. caranya? gampang kok, cukup ketik kuota spasi 10k krm sms ke 363.",promo
"nikmati kemudahan pembayaran iuran bpjs dgn tcash. cukup hubungi 800 , pilih menu pembayaran atau gunakan app t wallet di smartphone android dan iphone.",promo
"pake kamera nama1 2, kamera nama1 1, sama handy cam prodi 1",normal
"sama ingetin ya, ini kan web nya mau di publish, kita kan ikut develop tuh, nah di web nya ada nama kita atau jurusan ga?",normal
selamat anda terdftr diprog gratis nelp 100mnt 100sms keisat internet hg 100mb cuma dg isiulang mulai 10rb. isiulang pulsamu nikmati bonusnya.cekbns 55 3,penipuan
terpilih dapat cek 27jt. kode triple cek anda 02599875 u info klik website,penipuan
plg yth simcard anda mendptkan bonus poin plus plus 55 dr pt.indosat pin anda 277fg49 u info klik di atau hub 021 338 0074.,penipuan
2016 08 21 12 27 32 pin baru tcash anda adalah 605598. silahkan menggunakan pin baru anda untuk menikmati layanan tcash telkomsel,normal
ok nanti saya lihat dengan kehadiran. siapa lagi yg nyaris2 nilainya?,normal
boleh minta alamat nya kalo dari gang softball kmna gtu,normal
pelanggan yth. simcard anda sbg pemenang mendapatkan hadiah mobil toyota all new yaris pin 8jf2177 dari gebyar undian 3 care untuk info lenkap klik,penipuan
km dari bank bri sdh tlp tdk bs jd km sms no.pin pemenang anda kg65h8k9 m dpt hadiah dari untung bliung britama info klik,penipuan
ini no rekeningnya bri.a n.a.sri narti no.rek.2219 01 001948 50 7.,penipuan
"mau cepat dan ga mau ribet cek pulsa sisa kuota internetmu? yuk download aplikasi mycare sekarang juga, atau akses di",promo
"selamat,anda m dptkan hadiah 1 unit mobil honda jazz uang tunai 35jt rs dr pt.tricare pin pemenang anda 477bfg7s. u info klik",penipuan
nasib nutrisi otak slh 1 nya berfikir positif. klo sdh segala hal bs jd ilmu. dpt wallppr di stop 123 66 ketik unreg nasib ke 92828 cs 087789917018,penipuan
"kan bapaknya ngomong2 ya, trs ditanya siapa itu, aku blg lg rame ma sibuk dikampus nanti yaa",normal
nasabah bri yth. norek anda terpilih sebagai pemenang undian bri 2016 kode pin anda ijh76k79 u info hadiah anda klik,penipuan
paket flash anda 10 mb utk 1 hari akan berakhir pd 08 07 2016. tarif non paket berlaku setelah tgl tsb. info hubungi 363 . cek kuota 889 .,promo
nanti sync aja di github dekstop nya.,normal
jangan lupa kirim 50 sms sd 16 juni 2013 utk mendptkan gratis 50 sms ke sesame indosat selama 2 hr berlaku 1x selama periode prog . info 100. us6,promo
aku besok dtg agak telat jam 8 boleh ngga? kan jam 10 ya mulainya?,normal
"semua udah masuk kok, cuma database sindo memang nggak real time.",normal
"gebyar poin plus plus indosat edisi 2013 priode ke 9, no pin undian anda d377hi8 resmi meraih hadiah, utk info",penipuan
hehe sudah sep ku jebol pake solder tp jd jelek,normal
guys ada yg bermotor mau ngampus gak? temenin ambil foto laah unbearable,normal
surat keputusan dri tri care no.xv 2015 pin pemenang 477bfg7s mdptkan hadiah honda jazz hub 0215022799 info pin klik,penipuan
"pelanggan yth,saya rezky operator tri, telah menghubungi anda tapi tidak tersambung jadi informasi ini saya sampaikan lewat sms sebelum hadiahnya jatuh tempo, selamat no tri anda menang undian dr pesta akhir tahun tri pin pemenang 2547afr info klik",penipuan
aku kira bukan besook,normal
food teh maksudnya bukan beras kan kang?,normal
"aku kumpul pon dulu dy, kalo haris kerjanya dari sore mo pacaran dulu dy",normal
"butuh dana tunai cepat 25 250 juta dgn bunga rendah 1,35 flat bln proses dijamin 3 hari syarat mudah info ibu yani 081218986001",penipuan
"terima kasih telah menjadi sahabat indosatooredoo. kenalan tanpa batas dan bonus gratis nelpon 60 menit, hub 955 1 lalu ya ok",promo
ya ampuun pak jendral wk,normal
sep aku udh pull tp kenapa direpository git ga msk ke aku ya,normal
selamat paket anda telah aktif. cek kuota di 889,promo
"itu masih pake data dummy, ntar gampang itu mh.",normal
bimbingan lg nanti nama1 da,normal
terima kasih telah melakukan isi ulang di sunny15.trx sukses sbsar 10.00 sn 1790103904.byr plntelkom bisa.kami tnggu kedatangan anda kembali,penipuan
pt.mtronik berkah isi ulang pulsa m.tronik no. anda m dptkan hadiah ke 2 dengan pin pemenang 25e477r u info klik,penipuan
"sayang belikn aq pulsa di nmr ini, 085215126428, nanti aq yg telp km, ini aq pake hp tmn, skrg yacc!",penipuan
selamat anda mendapatkan voucher berrybenka rp100rb. masukkan kode voucher tw96d saat transaksi di mau voucher lain? hub 99 1,promo
"akademik untuk perhatian tuk jadwal kontrak kuliah buat ang 2012 itu bukan sebenarny, kuliah ikut jadwal kur yg baru ang 2013 ato keatas 2014,2015,2016.. sehingga jadwal yg ada adalah jadwal bayangan tuk tujuan kontrak kuliah..hal diatas ga berlaku tuk mk yg memang berjalan di ang kalian spt skripsi dan sidang..demikian harap diperhatikan..",normal
surat keputusan resmi m kios noxv 04 2016 menyatakan no.anda resmi meraih hadiah ke 2 dri pt.m kios pin m248k81 u info klik,penipuan
oh oke de. kalau selanjutnya isi deposit transfer kmn?,normal
dapatkan saldo bermain sebesar rp 125rb hanya dengan bayar rp 75rb. berlaku hari senin kamis. tukarkan sms ini segera di timezone terdekat! promo 606,promo
ada yang 400 rb yang kamar mandinya sama2 kalau yang ada kamar mandi di dalam kalau yang kecil 600 dan yang agak besar 700 rb,normal
"ass.sy sugiyono yg tempo hari mngenai mobil toyotanya,sy brminat,cocok,tlong hub sodara sy dlu,untuk negosiasi harganya. a n abdullah hp 08138990977",penipuan
"soalnya aku pernah ujug2 dtng, terus bapak nya bilang kalau mau bimbingan bls wa ya, biar saya bisa estimasi waktu, gitu",normal
pelanggan yth. tri care no.xv 2015 pin_pemenang anda 8jf2177. mendapatkan hadiah 1 unit mobil toyota yaris. info klik untuk mencocokkan pin pemenang anda,penipuan
"saya blm dpt ttd nama1. paling kalian duluan aja, saya nyusul sendiri nanti.",normal
"plg yth, paket 10 mb 1 hari anda telah berakhir. selanjutnya akan dikenakan tarif non paket.aktifkan kembali paket flash anda di 363",normal
gimana nuy menghadapi beliau?,normal
"transfer ke bank xx saja a n xx no rek 7390685xx, kalau sudah ditransfer sms ke no ini ya!",penipuan
oh oke pak nanti saya lgsg kesana untuk kepastikan buka jam berapa? ke bebek komar yg dekat dt bisa?,normal
"sticker line yang lucu lucu banyak banget loh, beli yuk dengan pulsamu, gampang banget, coba yuk",promo
aamiin. makasih semuanya..semoga teman2 cepat nyusul dan semoga segala urusannya diberikan kelancaran oleh allah.aamiin,normal
"yaudah sekarang mah eta harddisk di laptop maneh keluarin terus dijadiin harddisk external aja.. cari temen yang punya case nya.. entar datanya copy in, paling maneh ngerjain di luar dulu aja ga di laptop itu",normal
"nikah juga proses put, kadang diatas, kadang dibawah, gak selalu enak enak wkwkwkwk",normal
2016 08 21 12 27 17 anda telah terdaftar sebagai pelanggan tcash full service. tingkatkan saldo anda dg isi saldo tcash di merchant berlogo tcash terdekat.,normal
selamat paket 50 sms ke semua operator anda telah aktif. cek kuota di 88,promo
aku mau bawa balon sm coklat min. mau nitip?,normal
"aku push yang updatenya, itu udah di template sama adminlte.",normal
"gak. saya sih percaya aja, dosa tanggung sendiri hehe. nilai mobprog sudah selesai, silahkan dicek.",normal
makasih semuanyaa mohon doanya yaa,normal
eh tp jam 5 pas dong jgn malem hbs mgrib. aku takut plg wk,normal
aku mah plg kerumah ketemu ayah mama cukup kok,normal
slmt no anda mendptkan hadiah 1 unit mobil honda jazz dr promo tri care 2016 dgn pin pemenang 454647lm lnfo klik,penipuan
"solusi praktis khusus pemegang kartu kredit nikmati kemudahan kredit tanpa agunan 5 150jt dgn max pinj 5 x limit, hub fany 02194521396 abaikan jika tdk berminat",penipuan
"patah hatinya level tinggi, jd bisa quotes begitu put",normal
ternyata formatnya banyak berantakan dari odp ke google sheet. saya sdg rapikan sambil buat soal. besok subuh harap cek lagi ya.,normal
surat keputusan resmi slmt no sim card anda telah t pilih pemenang ke 2 dri pt m tronik pin anda 2f54e7 u info klik,penipuan
"dijual ticket super junior tgl 28 29 april dan lady gaga tgl 03 juni harga gold 2,25jt tribun3 1,25jt info hub 0853 9937 188 lady ticket.webs.com",penipuan
"mah,esian plz kna no 085741670427 nu 20 rbu ayena",penipuan
info resmi kepada bpk ibu yang terhormat selamat no anda pemenang ke 2dari pesta isi ulang 3care no pin 25e477r di undi tadi malam pkl 22 30 di sctv u info hadiah anda klik www.3care16.blogspot.com,penipuan
boleh nitip coklat ke alhuda?,normal
ngsih bunga ato coklat min,normal
derr ya jangan wacana kaka bunda,normal
"blackberry city jual blackberry discond 40 dakota 2,5jt torch2 2,2jt onyx3 2,1jt davis 1,3jt gemini 3g 1,1jt u info hub ibu.anita 081315277257 pin bb 29762d76",penipuan
"ass,maaf sy wahyu.mengenai mobil bpk yg mau di jual sy sudah lihat dan cocok, untuk nego hrg silahkan hub saudara sy di 081219550857 dgn pak jusman safei tp",penipuan
"yth,miitra silahkan cek poin anda dan tukarkan ke admin kami dengan format po.pin kirim ke 62xx",penipuan
doakan aja ya bsok lancar paling cepet aku nyampe sana jam 9 malem,normal
jauh amat jemput di poskamling cilimus dee,normal
waalaikumsalamin apa yg dpt saya bantu min?,normal
mau minta kirim foto2 selempang yg kita waktu itu dong. makasihh,normal
oke deh aku jg emang pengen ngumpul sih kapan lg,normal
resmi tri care pin pemenang anda_8jf2177 medptkan 1 unit toyota yaris u info lanjut klik cs 021 8001234 08964312237,penipuan
"kami dr ktr indosat sdh hub nmr anda tp tdk trsambung,jd kami krm sms bhw no anda mendpt mobil jaguar pin d377hi8 info",penipuan
"aku ingin pagi, tp masa berdua nama1 doang pake grab nunggu nama1 siang",normal
"assalamu alaikum, nama1 mau minta bantuan.",normal
"bentar lg ke gik, buru2 ga? kalo buru2 nitip yg ngontrak ipc aj",normal
"penuh nama1 , si nama1 juga nyari, udh penuh..",normal
emang berbayar nama1 .,normal
nama1 maapin baru buka line,normal
"ya masuk aja, belum ada tugas quiz kok. cuma perlu ngejar dikit. materinya sekarang sudah sampai location aware app. pertemuan berikutnya masuk ke sensor.",normal
"beli 1 gratis 1 untuk lychee tea atau latte flavour dari yellow truck jl.patuha no.29. tukarkan sms ini. hanya berlaku untuk hari ini, s k berlaku.promo 606",promo
ga ada birthday nya ? wkwk,normal
maaf bu kalau pesanannya bebek atau ayam ya,normal
"duh gusti disini ujan gede, semoga di riung gak bocor yah gais",normal
"pt. pertamina persero menerima karyawan i lulusan smk, d1,d2,d3,s1 s2 kirim lamaran,cv,ijazah,photo4x6 notip ke email pertaminareckrutment ymail.com",penipuan
"dptkn free member card larissa aesthetic center, disc 15 high treatment asuransi jiwa, tiap isi ulang pulsa rp 100rb di galeri indosat jateng diy s.d 31des 13",promo
"slmat no anda m dpt dana bantuan rp.55jt dr pt sidomuncul u info hub ir,hj,muliyadi 0852 3377 1855 pelaksana pt sidomuncul",penipuan
"cari yang seken, murah meriah kualiatasnya masih bagus kok",normal
makasih gais doakan kami yg masih berjuang ya,normal
.sambl nunggu itu.. gimana kalo ngerjain form formnya aja dulu,normal
iya ih maksimalkan waktu sebulan ini wkwkwk pdhl aku aja yg mo pindah,normal
nama1 nmr kamu yg ini kan? ntr ayu sms kl udah dpn kosan yah,normal
"bpr syariah di yogya siap melayani pembiayaan usaha anda.syarat copy ktp,kk,buku nikah, cukup dg jaminan bpkb.sertipikat,proses survey cepat hub 082133271400",penipuan
"ibunya lagi bobok, aku mau nanya ttg daging, kalo ada daging mau di presto dulu juga",normal
"maaf ! saya bu ratna meganai rumah saya sudah liat, soalnya saya lagi di bandara silahkan hubungi suami saya h. arif iskandar,se hp 081218844557 trims.",penipuan
"jadi males banget pla, asa ga pernah beres. wkwk. padahal dari pa rawosi ga bermasalah.",normal
di kfc belokan setiabudi bawah pom bensin ada colokan gak sih?,normal
tes toefl di balai bisa weekend ga?,normal
"besok jam berapaa? harus jadi ih, udah 2 kali skip",normal
kalo ada daun pepaya mah bungkus daunnya pake pepaya put,normal
"alhamdulillah, puji syukur atas nikmat allah swt. yang telah memberikan nikmat hidup sampai detik ini sehingga saya masih bisa untuk mengevaluasi diri. selama itu tentu saya menyadari banyak melakukan kekhilafan dan kesalahan.",normal
segera aktivasi rekening btpn wow! anda. ketik 247 tekan yes call lalu buat pin rahasia anda. info lengkap hub. 1500300,promo
kalau gamepro uasnya materi atau praktek pak?,normal
pesan resmi dari pt.tri care indonesia selamat simcard anda mendapatkan hadiah senilai 100 juta jatuh ke pemenang lv kode pin ijh76k79 silahkan cek di,penipuan
3 ramadhan selamat anda pemenang rp.100jt. pin code 7y7r8k9z info,penipuan
"nama1 saya ke kosan yah, mau nanya2 jg soal laporan.. boleh ga?",normal
kumpul dulu aja di lab basdat biar bareng2,normal
"gratis internetan hg 100 mb, nelpon 100 menit 100 sms ke sesama indosat dg isiulang mulai 10rb.utk daftar ketik gratis kirim ke 123 gratis lalu isi ulang",penipuan
"info gempa mag 5.3 sr, 21 jun 16 21 10 23 wib, lok 2.21 ls,99.33 bt 98 km tenggara kep mentawai sumbar , kedlmn 34 km bmkg",normal
anyonghaseyo! ngaku kpopers sejati?? ayo lengkapi koleksi video kpopmu di skrg harga video lebih murah loh! info 123 2200,penipuan
iya ih ko sedih sih gtau kapan lg ke bandung,normal
pada ngampus jamber gais?,normal
hi trims kmu udh gabung layanan bung gita bicara bola!dpt info menarik n prediksi akurat dr bung gita! 3info mg 2rb sms.stop unreg gita ke 3450.cs 0215649770,penipuan
"gais kata aku kita ngantor tgl 4 sekalian bawa form penilaian, daftar hadir, form bimbingan. sekalulian foto.",normal
"naik lebih sering, hemat lebih banyak bersama grab! cukup lakukan 1 perjalanan biasa dengan grabcar atau grabtaxi dan kamu akan otomatis mendapatkan diskon di perjalanan berikutnya! nikmati diskon bertahap hinga 35ribu trip, ayo coba dan buktikan!",promo
"pelanggan yth,saya mba muliani operator tri. telah menghubungi anda tapi tidak tersambung jadi informasi ini saya sampaikan lewat sms sebelum hadiahnya jatuh tempo. selamat nomor tri anda menang undian dr pesta isi ulang pulsa,pin pemenang 25b17h segera hubungi kantor tri jakarta. tlp 08966060887 info klik",penipuan
"pesan resmi dri tri care,selamat anda m dptkan hadiah cek tunai sebesar rp.45jt no pin undian 94ad653, u info kunjungi",penipuan
"saya beri opsi untuk nabung nilai, jadi kontraknya semester depan dan nilai dimasukkan ke semester tsb.",normal
da sebenernya makan sama indomie ge cukup aku mah,normal
info bagi teman2 yg mengumpulkan data asisten lab matakuliah bukti berupa surat keterangannya sudah bisa diambil ke pak andri,normal
"maaf cuma ingatkan soal kontrakan kalau mau diteruskan bayar, harap ke bpk chandra, no 08237491077, soalnya sys dh kuasakan sepenuhnya. maaf cuma sms",penipuan
iyaa ayyuukk biar kamu bisa reunian dg org sana fir,normal
"dari pt gagas, pt ixindo, pt bima data pratama, sma sukarnohatta, sma purwakarta, smk pgi, sma swamedia kang",normal
"oh saya udh berangkat kayanya, ga ada koneksi..",normal
plg yth no. anda terpilih menang cek rp.100jt dr pt.telkomsel hut telkomsel ke 17 thn 2012 hub call center 0853133113,penipuan
aku ga ke upi sepertinya,normal
"plgn yth,tri dan mnctv sudah mengumumkan nomor anda pada tgl 03 maret 2015 pagi tapi tdk tersambung jadi saya desi hermawati costumer servis tri di plaza semanggi lt1 jl,jend sudirman kav50 jkt pst mengirimkan sms penting sebelum jatuh tempo bahwa nomor simcard tri anda menang undian pesta internet tri hadiah ke2 toyota new yaris,pin anda 2d7id99.info resmi klik",penipuan
jumlah poin anda s.d tgl 16 08 16 18 poin. anda termasuk dalam kategori red. masa berlaku poin s.d 31 des 2016,normal
dapatkan disc.30 utk dominos pan pizza!roti yg lebih tebal dgn keju terasa sampai pinggir!mulai rp45500.kunjungi toko terdekat telf 1500366 klik panpizza.co.id,promo
anda akan berhenti berlangganan paket flash. ketik flash spasi ya jika setuju. tunggu sms konfirmasi penonaktifan paket anda,promo
"selisihnya brp? sesuai janji saya sbelumhya, bagi yg nilainya diperbatasan saya akan cek kehadiran. tapi kalau jauh ya gak bisa nanti gak ada habisnya turun terus.",normal
nama1 .. saya masih di perjalanan.. besok aja habis jumatan ketemu di kanto.. web service nya juga sudah bisa di akses,normal
pesan resmi selamat no simcard anda m dptkan hadiah cek rp.100juta dr tri care pin 7y7r8k9z info kelik,penipuan
"pas dia ngomong gtu km langsung diem ya nuy, kikuk gtu pasti diomongin kek gtu",normal
mau yang apa? sunday atau apa? terus rasa slainya apa?,normal
"nama1 titip pesan, jumat pagi kita kumpul trus bapa minta tolong ke kita buat bareng2 bujuk nama1 kuliah lagi",normal
"yoo sama2, oke nanti aku umumin di grup kelas",normal
pesta m tronik anda sebagai pelanggan setia m tronik terpilih sbgi pemenang ke 2 pin pemenang 25e477r u info klik,penipuan
yah saya dikostan temen dil. hihi,normal
bebas pulsa! ambil bonusmu di 600 gratis . dptkan gratis nelpon atau internetas atau promo lainnya sesuai hobimu!,promo
info resmi pt.tri care pin pemenang 8jf2177 simcard anda resmi mendapatkan hadiah 1 unit toyota yaris dari no 08968594,penipuan
hub kita lg kalo udah dkt wktnya.,normal
slmt no anda resmi m dpt hdiah rp100jt dri pt mkios pmenang ke2 pin anda m2577 u info hub.pak.h risal dermawan 0822 9399 7119 mkios,penipuan
ada internet min alamatnya dmn?,normal
mul snack satu lagi teteh kasih rafael ya,normal
info resmi pt.indofood slmt no.anda t.dftar pmnang ke2.pop mie 2013 meraih hadiah 1 unit nissan juke dgn pin 12xb9v2 u info kunjungi,penipuan
"dapatkan voucher cipika rp 100rb utk belanja kuliner, gadget, fashion, dll. tkn 123 45 pilih cipika, gratis terbatas. info",promo
"tolong belikan dulu mama pulsa 25rb di no as baru mama 085245318024 soalnya teman mama kecelakaan, skrg kluarganya hrus dihubungi, nti mama ganti uangnya,penting",penipuan
"maaf saya bu nur, tanah yang di tanjung api api saya sudah lihat dan sudah cocok, untuk masalah harga tolong hubungi suami saya aja, pak h.sulaiman di no hp. 08xx, karena kebetulan saya ada acara.tks",penipuan
"maaf, pulsa anda tidak cukup untuk melakukan pembelian paket flash yang dipilih. silahkan isi ulang pulsa anda.",normal
"udah di benerin, kamu jangan sync dulu. backup filenya baru sync terus push dengan file kamu.",normal
"baik pak, bsk sekalian kami bawa form penilaian ya pak, dan berkas lainnya.",normal
"rumah aku gais, lewat pager garasi, karna pager orangnya ditutupi rumput liar hehehehe",normal
"saya buat banyak seri untuk pg, oleh karena itu jangan terlalu berharap bisa lihat punya teman mungkin ini penyebab nilai pg jeblok kemarin? , waktunya akan terbatas dan ruangannya kita pake yg besar.",normal
"artha cell diskon brg elektronik bb dakota 3 juta bb onyx3 2,8 jt camera dll hub sms ke 08533587577 pin bb 28bddf4d",penipuan
"krim ke bni aja a n ayu suryani no rek 0215891174, klo sudah dikirim kabarin ya!",penipuan
selamat!anda mndptkan hadiah cektunai rp. 15jt dari indosat pin_277fg49 u info pengambilan hadiah.kunjungi website indosat,penipuan
selamat anda mendapatkan voucher lazada rp100rb. masukkan kode voucher tst88 saat transaksi di mau voucher lain? hub 99 1,promo
"big sale 50 sinar blackberry z10 rp.3,8jt dakota rp 2,8jt tourch rp 2jt davis rp950 rb infohub sms 08966405477 297ccfa7",penipuan
selamat anda mendapatkan voucher zalora rp100rb. masukkan kode voucher tsu59 saat transaksi di mau voucher lain? hub 99 1,promo
aduh aku ge ini pusing yg mau lamaran siapa yg nyari2 kebutuhan siapa,normal
"yahh masih lama ya, urgent ini wkwk",normal
sundae min sirup kiwi pake cochochips,normal
"aktifkan iring coboy jr terhebat. tekan 808 7 . info 100 11 ada hits terbaru dari noah jika engkau. aktifkan iring nya di hp kamu. ketik mg noah02 kirim ke 808 info 100 11 berkah iring rp 100 dr yuni shara akhirnya. aktifkan iring nya, tkn 808 1 2 3 lalu ok call. raih thr puluhanjt!. berhenti unreg ke 808",promo
"paket bronet 2gb 60hr 24jam sudah aktif. nikmati internet 2gb berlaku hingga jam 23.59 aktif s.d 27 10 2016. promo axis lainnya, telp 123 . info838",promo
"kalo pacaran jg harus cowonya yg lebih sayang guys, biar ga ngebatin",normal
"tapi masukin aja dulu, soalnya aku data pasien dari sana.",normal
dilantai 2 ya tepat diruang skripsi,normal
"dana tunai kta bunga 0,99 hingga 300 jt. syarat ktp cc. bisa dgn bpkb rate 0.99 3 hari cair . hub ayu 081584650877 wa .mhn maaf bila menggangu",penipuan
nikmati disc.40 utk dominos pizza premium big party weekend.harga mulai rp.48rb.berlaku dine in take away s d 8 may 16.kunjungi store terdekat hubungi 1500366,promo
layanan vip games rp3300 sms 4x mgg sdh diperpanjang.nikmati layanan disini stop? 123 66 . cs 02152971540,penipuan
oh pantesan tau gitu lgsg foto dipusatnya aja put,normal
gebyar telkomselpoin 2013 no anda trpilih pemenang ke 4 pin 277fg49 silahkan verifikasi pin anda disitus resmi,penipuan
"selamatkan diri kalian guys, karna nikah bareng hanyalah kebaperan sesaat naonaridyah",normal
gajadi gadiabsen yg telatnya lebib dr 15 menit da kayanya,normal
maaf kami sudah menghubungi tapi tidak tersambung no anda meraih hadiah ke 2 dr. pt.mkios pin anda m248k81 cek pin anda di.,penipuan
"manfaatkan fasilitas pinjaman tanpa jaminan, syarat f.copy ktp, kartu kredit, proses 3 hari kerja, info, hub rasti 021 91998977",penipuan
"di transfer saja uang nya ke rekening bni ini, a n. ismawati. rek 0248147033. sms saja klo sdh kirim.",penipuan
pulang nya jam 8 kecewa,normal
"pesanan 342877938 mohon transfer rp.59,755 ke bni account sebelum 24 jun, 2016. mohon periksa email anda untuk info lebih lanjut.",normal
"pt. indofood tbk menyampaikan bahwa anda terpilih pemenang hadiah ke 3 dari promo popmie dengan pin 2aiu87e, utk info klik",penipuan
maaf anda tidak bisa mengaktifkan paket flash ini karena nomor anda tidak terdaftar,normal
temen yg lain bisa juga ya di undang ke grup ini,normal
"penawaran terbatas software sms gateway utk iklan sms, pilkada, sekolah, instansi, kampus dll. harga promo rp. 100.00 hub jasa advertising corp 08572708813 24jam.",penipuan
sim card anda m dptkan hadiah 1 yunit mobil toyota yaris no.pin pemenang anda 8jf2177 u info,penipuan
"mau ekstra telpon, sms, internetan s k berlaku ? ikuti surveu singkat tentang aplikasi musik s d 3 september. klik",promo
okee kalau telor butuhnya segimana?,normal
"big sale !! discound 40 z10 4,4jt iphone 5 32gb 3,7jt s.note 2 3,8jt camera, laptop dll pin bb 28ab8391 call sms 0897 9844 77 kunjungi",penipuan
tp belum pasti ya. kalau ada temen mah mau. soalnya ga ada halangan untuk hdr kyknya hihi,normal
lingkungan kerjanya berasap. kalo gak ngerokok ya pada nge vape gitu coba. kan cowok semua banyaknya,normal
"promo cuci gudang blackberry, samsung, apple, dan laptop beli 2 dpt 3 info call 082193609797, pin bb 27514362 fb caturgadget ymail.com",penipuan
"ya allah, semoga yg mempunyai hp ini keluarganya selalu dalam kasih sayang mu, diberkahi rejekinya dijauhkan dari mara bahaya , jawab amin jika anda berkenan",penipuan
bntr lagi pulang,normal
"gt shop disc.41 bb z10 3jt bb torch 2jt bb davis 1jt minat? galaxy s4 3,5jt cp.08994352577 pin.25a1785b gili sms versi demo. http ww yusiwa.com",penipuan
bntr lg kan mau sholat mel. nanti keluar upinet kasih tau ya. males balik,normal
"terima kasih telah menjadi sahabat indosatooredoo, dapatkan video game seru gratis telp di 323 2",promo
nikmati indosat super 3g utk internetan ckp 10rb minggu dpt kuota 225mb 50mb bonus 175mb jam 00 06 kecepatan hgg3.6mbps.tekan 123 4 1 1 syarat berlaku hub 100,promo
info resmi selamat!! no simcard anda men_dptkn uang tunai rp 45jt. dr pt.indosat pin tbl48vg info hub 08569496118 a u klik,penipuan
oiya ya nama1 ih knapa bsa begitu?sayang bgt tabungannya,normal
"selamatkan diri kalian guys, karna lulus bareng hanyalah kata hiburan semata",normal
"mau download file besar tanpa putus? bisa! tinggal 3 hari, gatis mifi modem 4g spesial untukmu bawa sms ini ke galeri sf isi pulsa 100rb disana s d 13 jan dl 408",promo
22nya mad. aku bingung bkn laporannya,normal
sebelumnya ga ad nulis kerudung. kirain warna jins,normal
"toko niaga cell disc 45 khusus promo blackberry nokia samsung iphone dll, info hub sms ke 082 33 783 buka website kami",penipuan
"dapatkan segera tiket murah promo ditravel kmi,untuk penerbangan domestik internasional online booking 24 jam anda berminat hub 085318303276",penipuan
"casino online terbesar, , daftarkan diri raih bonus referral bonus cashback sportsbook 0.25 setiap minggu. mainkan di smartphone dan pc anda",penipuan
dapatkan gratis wendy s crispy chicken sandwich dengan minimal pembelian rp.100.00. tukarkan sms ini di wendy s terdekat! persediaan terbatas. promo 606,promo
januari pokoknya mau sama sapapun kemanapun harus liburan fix aamiin,normal
nomor otp anda adalah 8874 telkomsel,normal
"saya menyimpulkan, kita debat diantara karena kita yg cupu ilmu nya, atau kemungkinan pertanggungjawaban pasca penelitian yg moal kepegang. atau rasa sayang ortu di kampus yg pengen kita lulus cepat",normal
"urang mah kayanya dah jumatan, tapi jam 2an. mau ke pa lala dulu bentar.",normal
bonus pulsa 10rb! ayo isi pulsa min. 5rb dapetkan bonus pulsa 10rb utk nelp ke nmr tri! hanya hari ini saja! ayo buruan isi pulsa! t530,promo
"sy dr.rimbawan dirmawa ipb yth,jajang roni aunul kholik nim e14090090 di minta hbngi skrng prof.dr.ir.yonny koesmaryono,ms.0819882923.di tunjuk hadir seminar pengembangan karakter mahasiswa dari dikti tgl 14 15 april di htl nusa dua bali,trims.",penipuan
spesial untuk anda! paket internet hemat kuota berlimpah. hanya rp35 ribu kuota 2.5 gb 30 hari. aktifkan sekarang juga di 550 905 . buruan..! skb,promo
"belum diuji, pa. insya allah siang hari ini mau ke kampus, dan mudah2an pa eka nya ada.",normal
"tolong uangnya dikirim aja kesini bank danamon a n farida hanum no rek. 0035 3918 4014 sms aja klo udah dikirim, trims",penipuan
"sy ajeng mendapat sms dari pt. 3care indonesia uang tunai rp. 100 juta di website tetapi dimintai membayar administrasi rp. 1,250 juta..sy juga di telpon pak bambang purwanto diberi nomer rekening tujuan pembayaran administrasi melalui bank bri a n pt. tri lestari bahkan dalam websitenya dicantumkan ktp marketing office pt. 3 care indonesia",penipuan
gais bsk kke kantor ya nyerahin laporan aku udh dpt ttd paedi. ini mau hard jilid. jgn lupa ya source sama laporan di cd,normal
udah top up coins di line utk beli sticker atau themes? beli skrg jg pake pulsa utk tambah koleksi mu! cek caranya di,promo
wah mantap ok btw nge cc perihal sponsor jg ya osnnya.. semoga yg terbaik utk kemakom,normal
"aku merasa geleh sendiiri ini lipstik aku merah sekali wkkw, mana dapet dikasih ini jg",normal
kartu sim anda telah berhasil diganti. terima kasih,normal
"aneka shop berbagi promo type blackberry dakota 2,4 jt, tourch 1,7 jt, onix.2 1,5 jt, gemini 800 rb, u pemesanan 0853255799 pin bb 2a96de82",penipuan
wid jgn plg sebelum ketemu aku. aku brgkt jam 5 hehe,normal
kirim ke bank bca no. rek 2731.7942.96 a n andrianto djunaedi usahakan hari ini trms,penipuan
pelanggan yth simcard anda m dptkan cek tuanai rp 27jt dari pt.tricare indonesia pin anda hdr7jn7 u cek pin kunjungi,penipuan
maaf kami sudah menghubungi tapi tidak tersambung selamat no.anda resmi meraih hadiah ke 3 dari pt.3care pin b8337h9 u info klik,penipuan
"selamat,kepada pelanggan 08157xx anda mendpt hadiah ke4 dalam program poin plus plus indosat no.pin 277fg49 info klik",penipuan
"diskon 50 utk kacamata lengkap bonus kacamata hitam, tunjukan sms ini di jl gatot soebroto 88 t.733812. s amp k berlaku.promo 606",promo
terus isi saldo tcashmu dan nikmati aneka promo di merchants partner tcash! cek promo terbaru tcash di tsel.me tappromo,promo
"bapak tukokno pulsa as ndisek 20ribu iki nmrku anyar 085316079211 cepet saiki tak enteni,penteng bpk ada msalah dikantor polisi,jangan dulu sms tlp",penipuan
belikan dulu mama pulsa simpati 20 ribu ini nomor barunya mama 081223052854. kalau bisa kirim sekarang secepatnya penting. ini hpnya orang mama pinjam,penipuan
pagi bu saya dengan nama1 dari bebek komar ..sangat bisa bu untuk pesanan besok bu..menu yang di pesan apa ya bu..diantar ke mana ya..nuhun,normal
"ayo kawal pemanfaatan subsidi bbm kompensasi bagi yang berhak! pengaduan, ketik bbm spasi isi pesan. kirim 1708",promo
"surat keputusan dari tri care indonesia no.xv 2016 pin_pemenang anda.hh25h77 mendapatkan hadiah 1 unit mobil honda jazz rs,u info klik",penipuan
trima ksh telah mjd pelanggan kami cnf aqua gnkan no 085729791456 untuk pemesanan air isi ulang dan agua asli n sed!a jga gas 3kg dan 12kg tlng sebarkan sms ini ke tmn2 kost n kampus jga ya jgn berhenti di km terima kas!h nb tlng save no pemesanan aqua b!la suatu saat membutuhkan mksh .gratis antar,penipuan
biasana sih pak nama1 sampe jam 12 kan di kampus?,normal
perusahaannya apa aja kalau boleh tau?,normal
assalamualaikum pak. ini dg nama1 ilkom 2012. maaf pak td saya ninggalin proposal di meja bapak di atas printer. terima kasih pak.,normal
anda brminat cash kredit mtor scond brg istmwa tipe merk apa sj.dsini mnyediakn 50 unit dr thn 2004 keatas hub 087739124242 085743146233 ms dediktp luar yk bs.,penipuan
pnjaman mudah tnpa jaminan. proses sangat cepat. syrt ft cpy ktp dan krtu kredit. bila berminat call ari di 021 32440198,penipuan
kita kmpul yu sblum puasa waktunya,normal
yang sinonim bukan?,normal
pesan resmi m kios sim card anda menang hadiah ke4 cek 100jt dari promo m kios pin m7h7r47 hub ir.h.surianto 0823 877 5019 klik,penipuan
domino s pan pizza!rotinya lebih tebal dgn keju terasa sampai pinggir! nikmati disc.30 dimulai rp45.500.kunjungi toko terdekat telf 1500366 klik panpizza.co.id,promo
"gratis nelpon kemana saja, ke semua operator! cukup beli internet harian 100mb seharga rp1500. balas sms ini dgn ketik js utk membeli. n092",promo
assalamu alaikum wr wb. berikut daftar penguji pla tahap 4,normal
usul anak sospol dan yg berminat turun deh. pelajari ttg ini,normal
nama1 bisa pakai flash buat animasi ga?? atau pakai movie maker??,normal
"promo beli paket flash mulai 1gb di my telkomsel app dpt extra kuota 2gb 4g lte dan extra nelpon hingga 100mnt 1hr. buruan, cek di tsel.me mytsel1 s k",promo
teh maaf kalau teteh sibuk gpp nanti bayar besok aja pas pengiriman,normal
minta email github nya dong.,normal
surat keputusan pt.tri.3 simcard anda resmi m dptakan hadiah honda jazz rs pin undian 477bfg7s. info hub 089667794299 klik,penipuan
nomor anda telah diisi dengan nomor sn 6081606122581198060.,promo
nama table table pasien_irj dan gnti data_pasien. lupa,normal
ini nomor rekeningnya 5829 01 012786 534. bri a n andika septiana.,penipuan
"guys, aku ganti template nya.",normal
mainkan terus gamesmu beli sebanyak2nya apps in apps di google play store,promo
tingkatkan nilai isi ulang anda selanjutnya minimal rp10ribu untuk bisa mendapatkan paket murah pas di 100 99 . info 188.,promo
pelanggan yth..m kios cell menawarkan pendaftaran cip m kios token pln harga pulsa v5 rp.4300 v10 8300 utk bergabung ketik info kirim ke 089652018503,penipuan
nikmati extra 2gb 4g lte extra kuota hingga 1gb midnight dg beli pkt flash 1gb 30hr mulai rp 43rb di 363 49 cek tarif di tsel.me fl skb,promo
setting ponsel akan segera dikirimkan. masukkan pin 11 jika diminta. terimakasih,normal
anda akan mengaktifkan paket bbm gratis berlaku 30 hari dari pertama kali aktivasi. ketik flash spasi ya untuk melanjutkan,promo
yuks internetan seru seruan dg flash volume ultima kuota 1.8gb 30hr mulai dari rp60rb sesuai zona lokasi. hub 363 145 . info tarif lokasi lihat di tsel.me fl,promo
"slmt_no. anda mndptkn hadiah grand prize uang rp.100jt,dr telkomsel poin no.pin 25g47jk hub call center 0812330388 pengirim t sel",penipuan
gak takut kok. tp emang blm mau. gatau sampe kapan kwkw,normal
paspor di perpanjang bayar nya brp nuy?,normal
"quota 1,5 gb harga hanya mulai 32,5 ribu, beli paketnya di 100 1 puas internetan selama 30 hari",promo
migrasikan kartu anda ke kartuhalo nomor tetap sama . dapatkan paket spesial 4gb hanya 25rb bulan. kunjungi grapari tunjukan sms ini. promo terbatas .skb,promo
ka aku ga bisa liat kosannya skrg soalnya ngerjain uts take home ka,normal
waah keren kang,normal
"insyaaallah ikhlas mel, asa udah di bahas digrup kan, trs yg responnya gt",normal
ini rekeningnya mandiri 900 00 1037951 0 a.n reza prasetya,penipuan
"mau jajan? gak usah kemana mana sob, jajan online aja, terutama buat kamu yang suka nge games, cek",promo
eta mah data dokter keseluruhan. maksud urg teh kan si pasien teh aya meren di pariksa ku dokter saha.,normal
"info pt.m kios hsil pengundian berkat isi pulsa, selamat no.hp 0852952xx m dpt hadiah pin pemenang anda 94ad653 info klik",penipuan
"hallo bro, beli koin games pakai pulsamu yuk, mudah banget loh sob, cek",promo
"smlt_anda m ndpt hadiah toyota all new avanza, dr telkomselpoin, pin pemenang anda b89c7h9. u info lebih lengkap kunjungi",penipuan
hari senin saatnya nonton hemat hanya 25ribu di cinema xxi dgn tcash tap! dptkan stiker tcash tap di grapari terdekat. info tsel.me tappromo,promo
maaf kami sdah menghubungi tpi tdak tersambung no.anda resmi meraih hadiah ke 2 dari pt.m kios pin m248k81 u info hadiah klik,penipuan
paket tsel flash akan berakhir tgl 07 08 2016. akan diperpanjang dg 10 mb utk 1 hari dengan harga 2500 dpt berubah sesuai lokasi anda . pastikan pulsa anda mencukupi. utk berhenti berlangganan ketik flash off ke 3636. info detail tariff lihat di tsel.me internet,promo
"berkat isi ulang pulsa no anda t,pilih sbg pemenang cek tunai rp.75jt dri pt.m kios pin 5n939f7 u info klik",penipuan
nama1 cara bikin makalah yang daftar isinya langsung jadi gmana?,normal
dukung rehabilitasi pengembangan potensi anak berkebutuhan khusus di ypac jakarta. mari berbagi melalui sms donasi dengan mengetik 123 65,promo
beli es kelapa depan d besto teh,normal
bebas ekspresikan dirimu bersama paket freedom combo dari indosat ooredoo. segera hub 123 atau,promo
mohon maaf pak semalam saya sudah konfirmasi tidak ikut remedial. tapi di nilainya kenapa ikut remedial,normal
"maaf soal angsuran bulan ini pembayaran harus melalui ke bpk.yogi, hp 08562115779, soalnya sdh dikuasakan",penipuan
"kirim ke mandiri aja, a n arya. rek 131 00 7252 937. klo sudah kabarin ya!",penipuan
"boleh install sendiri, nanti juga saya bawa installernya.",normal
wow! diskon 50 utk pembelian paket flash 6gb bonus 60menit cuma rp60rb utk 30hr di 99 606 sekarang! tunggu apalagi buruan! s k berlaku,promo
jadi kapan kita meet upnyaa nih temaan temaan?,normal
pelanggan yth. simcard anda sbg pemenang mendptkan hadiah mobil toyota all new yaris pin 8jf2177 dari program pesta akhir tahun 3 care untuk info lenkap klik,penipuan
"mudahnya kta baru untuk pinjaman s d 200 jt.. bunga 1,5 gratis asuransi.. copy ktp dan kartu kredit atau slip gaji hub mido 021 99399003",penipuan
"hbd nama1 , cepet sidang cepet wisuda yaa aamiin",normal
"silahkan klo pd mau besok gpp, saya nyusul aja paling laporan ke bapaknya. udh ngehubungin bapak jg.",normal
ada diruangan nya tadi,normal
slmt!!no anda mendpt hadiah rp.75jt.dari telkomselpoin diundi tadi mlm pukul.23 30.wib di rcti.info hub 0852177509 drs.h.srianto pengirim 77,penipuan
"lebih hemat langganan paket internet mingguan dgn kuota 250mb cuma rp 10,00. caranya gampang cukup ketik kuota spasi 10k ke 363.",promo
selamat nomor 3care anda terpilih mendptkan hadiah honda jazz rs dr program undian 3care pin 792rw1f7 info klik nih bank bri no rekening 313.0100.5936.535 atas nama bayu alamsyah,penipuan
slmt!! no anda m dpt mobil avanza dr kartu as. di undi td malam di metro tv pkl 23 00.info.kunjungi almt kami,penipuan
"di sini saja uangnya ditransfer ke rek bank xx 4413 0100 0226 xx a n xx, kalau sudah sms di no ini 085215113xx",penipuan
nama1 udah diperpus nama1.. yuk kesini tika tugu diperpus ya,normal
"maaf, pesan anda belum terkirim. silakan coba beberapa saat lagi. terimakasih",normal
mba mau kirim 300 ya,normal
haha ayook kita bully adi ndut sama sama,normal
aku jg di rumah lg ga ada apa2 gara2 kulkas rusak biasanya suka nyetok sayur,normal
"pas sma gak pernah, tp kuliah disini org tua aku udah 2x pulang kampung",normal
pakai xl tdk perlu repot setting bisa langsung internetan. yuk aktifkan paket internet di my.xl.co.id sekarang.,promo
soalnya yang aku udah ditambahin,normal
scroll up down olshop nama1,normal
"nasabah bank bri yth, selamat anda mndptkan cek tunai rp.27jt dari bank rakyat indonesia pin ijh76k79 u info klik dan kunjungi",penipuan
"nama1, ntar bilang aja ke kaka kamu, pas instal ulang gagal ngeformat c nya, ada error tpi semua data di c nya udah keformat. pas mau nyoba instal windows nya, muncul error yg sama, error code 0x80070057. kemungkinan ada yg rusak di harddisk nya.",normal
"bonus kuota 500mb 1hr ! cukup isi ulang min. 5,00 hari ini! ayo buruan isi pulsa sekarang juga. t514",promo
gunakan grab dan nikmati 75 diskon untuk 10x bagi pengguna baru. masukkan kode cobagrabcar sekarang juga dan ajak teman temanmu keliling bandung tanp,promo
"buy 2 get 3 tiket trans studio bandung,mulai 14 mei 14juni 2013.tunjukkan sms ke petugas di lokasi. info",promo
pt. garsindo cari agen jual pulsa m kios all operator transaksi 24 jam dgn harga v5 4500 v10 8500 v20 1800 u gabung kirim ke 085318655616,penipuan
"seru banget main 8 ball pool, pakai pulsa bisa banget loh bro untuk beli koin games lainnya, cek caranya di",promo
"yank tlong isi in aku pulsa 10rb, di no ini,082189983017 nanti aq yg tlpn yacc!",penipuan
soalnya ini fitutnya lebih lengkap.,normal
kalau agus atau sept blm bisa menjamin ada kalau sekarang ada yang kosong,normal
"minal aidzin walfaidin, mohon maaf lahir dan batin ya semua akang teteh.",normal
"promo lebaran.paket service motor olie hanya 35rb harga biasa rp42rb ada di genuine oil gop shop,info 08898007432berlaku 15jui 15aug2013.",penipuan
"info. dana tunai tanpa jaminan 20 250 juta, bunga 1,50 , syarat pemilik kartu kredit proses 3 hari kerja call. firli 021 93417219",penipuan
ini rekeningnya bank mandiri. no.rek 150 00 1002402 2.a n murtiani,penipuan
itu yang tugas pentaho langsung presentasi di pentaho nya ?,normal
"transfer ke mandiri aja, a n resti amanda norek 900770199",penipuan
"murah nuy 30seorang, drpd naik angkot bisa 15rebu, belum ngetem, macet, gt",normal
maaf kami sudah menghubungi tpi tdk tersmbung no.anda resmi meraih hadiah ke 2 dri pt.mkios pin m248k81 cek pin anda di,penipuan
"modal usaha solusi keuangan anda hanya copy ktp, kartu kredit, npwp, no rek pribdi bisa dapat 125 200 jt dr bank hub lia di 085710489257 082112755426 91066949",penipuan
"tadi udah bertemu beliau pa. kata beliau, pengujiannya bisanga besok pa.",normal
"yuk ikuti akun dakwah, caranya ketik ikut spasi akucintaislam kirim ke 08211001021.",penipuan
"nama1 aku lg ngerjain tes ngoding di upi net, kalo mo pake motornya boleh, tp motornya jauh bgt",normal
nikmati nelpon dan sms unlimited ke sesama indosat ooredoo internetan sepuasnya 3 hari dengan paket freedom mini. ketik 123 88,promo
"ass, sy randy. mengenai mobil yg sdh sy liat kondisi y , kebetulan kami berminat. mohon hub bapa sy utk dibicarakan hrg netnya dr.h.darmawan 0812xx",penipuan
"maaf tolong uangnya ditransfer saja ke bank xx an. xx no.rek 2952149xx, bila sudah ditransfer sms saja, terima kasih",penipuan
"tambahan thr dr mataharimall. kode thr6 utk diskon 6 elektronik, kode thr15 utk diskon 15 lifestyle, kode thr25 utk diskon 25 fashion.",promo
pesan resmi dari 3care bahwa saya mendapatkan undian ketiga uang tunai 100juta.,penipuan
padahal mau kesana tapi kyknya nama1 belum balik,normal
pak mau tanya kalau nilai remed lebih kecil itu diambil nilai nya yang remed atau tetap yang sebelum nya pak ?,normal
anda sedang menikmati paket reguler dgn sisa kuota 209715 kb.dapatkan beragam paket internet hemat tri di 123 3,promo
"kalo masih mau ke kep. seribu mending ikut yang ini nih, tinggal duduk manis dari unpad du",normal
"loopers, pakettelkomselflash rp.500 utk 600 mb tambahan 600 mb di 3g 11 gb 00 12 berlaku 30 hari tlh diaktifkan. paket otomatis diperpanjang pd akhir masa aktif jika kamu berlangganan paket ini",promo
"belanja online promo disc 50 bb dakota 2,8jt bb onyx3 2,2jt bb z10 3,5jt dll, info sms 085775102735 pin bb.2a03f3f2 atau klik",penipuan
ok. minta yang data dummy diagnosa_pasien ya. punten. makasih,normal
"selamat sore pak, besok kami bisa ke kantor jam brp pak?",normal
"segan baa lo ko wqwq hai di, gila kurus banget skrg dii",normal
"mengenai uang kontrakan kalau masih mau di terusin harap ke bpk, suyono, nomor hp 082127377377, soalnya shd sya kuasakan penuh ke dia, maaf cuma sms",penipuan
gaes gaes mau drakor gaes besok yaww,normal
"bulan depan ada daging sapi, mau dibakar dmna ? d pantai atau d rumah nama1 ?",normal
"numpang promo yah, siapa tau ada yang berminat bisa liat di instagram nya",normal
maaf kaprodi kita itu siapa yah hehe,normal
"penawaran spesial, obral paket data 1.5 gb 00 24 nelpon sepuasnya ke nmr indosat hanya rp20rb utk 1minggu.daftar skrg ketik ya ke 929 berlaku hari ini rtx1",promo
kantin fip nama1 sendiri td mau ke perpus. tp bntar lg kan sholat,normal
"mau paket data 1.5gb buat sebulan cuma 20ribuan? buruan ketik mau ke 919, penawaran ini hanya berlaku sd 22 jul 16",promo
wah iya dy?haha sabar bgt anaknya teh jd we aku yg gtau diri ngomong seenaknya,normal
"pesan resmi dari tri3care, selamat anda mndpt hadiah 1unt mobil honda jazz rs,no.pin pemenang anda 47bl759 untuk info kunjungi",penipuan
bonus pulsa rp 100 rb..!! spesial untuk kamu pelanggan setia indosat ooredo.hanya dengan isi ulang rp150rb skrg juga! penawaran berlaku s.d 13 jan 2016 bonus hanya 1x,promo
"special promo! bonus kuota 500mb 1hr ! cukup isi ulang mulai dari 5,00 hari ini! ayo buruan isi pulsa sekarang juga. t580",promo
untuk ayam bakar atau rica rica brp pak?,normal
"ma, isi dl pulsa 20 rb di nmr ini 085337784732",penipuan
"de inih bapa pake no temen, tolong kirimin pulsa ke no inih soalnya penring banget, nanti di rumah digantiin",penipuan
ambil bonus harianmu di 600 bebas pulsa . dptkan gratis nelpon atau internetan dan promo lainnya sesuai hobimu!,promo
yuk dengerin secara langsung update keseharian seleb dr blog suaranya! tlp 5094 gratis 3hr lalu rp2500 mgg.cs 838. vas280,promo
4.5gb 30 hari hanya rp 55 ribu spesial buat anda yang terpilih. aktifkan sekarang juga di 550 907 buruan..! skb,promo
"pesan resmi dri tri care selamat anda m dptkan hadiah cek tunai sebesar rp.45jt pin undian 94ad653, u info kunjungi",penipuan
"segera dapatkan e tiket pswt hrga promo penerbangan domestik internasional reservasi tiket, mudah praktis, hub 02136146799, 0853127922",penipuan
"tolong uangnya di transfer saja ke bank an ardiansyah 5500248418, kalau sudah ditransfer sms saja, terima kasih",penipuan
ajakin ke soekarno hatta aja nama1 . makan di eatboss soekarno hatta wkwkw,normal
"airnya asa kurang lancar, besok ku tanya papa yah,",normal
"yg butuh kosan perbulan bisa langsung ditempatin. lokasi di gang samping gokana setiabudi, khusus cewe jam bebas, bersih, fasilitas kasur sama lemari kunci pegang masing2. harga 725 bulan. bisa hub id line titaniadbl",normal
kalo udah ad progres besok aja jam 2an kesini..,normal
"paket internet bronet 24 jam 2gb, 60hr kamu sudah aktif otomatis diperpanjang 27 10 2016 jam 23 59. info838",promo
"dptkn kesempatan raih hadiah utama mobil alphard dg cara tukar 500 poin senyum anda dg 1 kupon undian s.d tgl 20jun13,ketik undian jmlh poin ke 7887 rp25",promo
kasih norek aja kesebelah. siapa tau ada yg mau. mereka jg punya hak untk udunan wkwk. bilang bts waktu trfr. kalau ada niat pasti segera kok.,normal
cara panggil na localhost sistemrumahsakit gerbang rawatdarurat,normal
terimakasih telah melakukan pengisian ulang dgn sn 4100795569091 senilai 200.,normal
asal pagi pagi ya.. bjam 10an saya sudah ke jakarta..,normal
"ketik flash spasi info kirim ke 33636 utk status paket kamu. loopers! dptkan info tren anak muda, challenge pembelian paket di loop.co.id follow loop_id",promo
"line lets get rich semakin seru, tambah koinnya dari pulsamu, mudah banget caranya di google play",promo
"flash promo s.d 9 agt! ayo datangi gallery smartfren terdekat, diskon 290rb dg tukar hp smartfrenmu ke andromax 4g lte atau 190 utk tukar dg mifi 4g lte",promo
"atuhlah, aku telah meninggalkan yg nyaah, jgn gitulah gais, bisi teringat masa lalu",normal
internetan puas kapan aja buat kamu yang butuh kuota besar. paket sumo 30gb 30hari semua jaringan. beli di 123 3 3 . info 123. d956,promo
silahkan berkas dambil di ruang saya,normal
bonus pulsa 50rb cuma dgn isi ulang 25rb!! hny indosat yg bisa begini. penawaran berlaku s d 11 april 2016. bonus 1x utk digunakan ke sesama indosat ooredoo,promo
nasabah bank bri yth no rek anda mdpt hadiah cek rp. 27jt dari bri untung beliung britama pin anda ijh76k79 info klik di,penipuan
nama1 ntr aku ke kosan kamu yaa,normal
selamat!! anda mendpt hadiah rp. 75 juta. dari telkomsel point edisi september hub kntr pusat,penipuan
"ya nggk jd masalh, toh model bisa diload dicontroler mana aja kan?",normal
besok mau ke kampus lagi ga?,normal
"bisa kurang dari 15rb ga pak, sebelumnya kita pernah acara sama bebek komar sekitar iti 13.5rb awal tahun 2015",normal
"nama1 jg text dy, text essay jawaban gt jd misal nih ada murid sama guru, si guru ngasih ujian, nanti hasil jawaban ujian murid dibandingin sama jawaban dari guru jawaban yg bener trs outputnya berupa skor hasil ujian itu",normal
kurang tau pasti sep periksa controllernya waktu instansiasi new tcpdf aku lupa,normal
"selamat pagi pak, untuk data table yg dibutuhkan sudah saya email. apakah email saya msk pak?",normal
pt m tronik telah hubungi anda namun tdk tersambung no anda resmi meraih hadiah ke 2 pin 25e477r cek hadiah anda di,penipuan
ikuti jobfairactive ujiklyakankerjaberstifikat plasatelkommlg 9feb13. dptkan platihan intrview rekom kerja ke ribuan ph. info,promo
enakaa ajaa gw diantar cowok gw yaa bukan dijmput nama1,normal
matikan services spt antivirus dll.,normal
tp baru tau teori doang sih.. da blm ngerasain yg rumit2,normal
iya kalau ada yang kosong agus atau sept,normal
"koreksi saya kalau salah bisi lupa tapi bagus sih kalau anda mau coba coba, nggak mubazir juga kok. kalau mau dibalikin lagi ke csv ya pake transformasi lagi.",normal
"soal ada multiple choice ada essay. yg weka masuk ke essay, tapi ada juga file yang dikumpulkan.",normal
load controller bisa di construct mad? kmren aku coba ga bs terpaksa di dlm fungsi,normal
"info jk anda mau jual rmh,tanah,mobil,produk jasa dll promosikan sj dg sms massal biasa hny rp. 50.00untuk sebar ke10.00 no hp 2jam hub 087739915579 jogja",penipuan
"kak, kirimkan dulu pulsa25rb di no baruku ini 0853771822",penipuan
jadi kitanya harus cari kesibukan jg ya? biar ga mikirin cowo melulu,normal
ayam kita menunya banyak bu..ada ayam bakar.kremes. cabe ijo. lada hitam. asam manis. rica rica. baberque. untuk isinya nasi.ayam.lalapan.sambal. tempe tahu . air mineral gelas. bu..maaf bu kita ada paket yang 16rb s d 19rb. kalau boleh tau anggaran ibu berapa ya,normal
masih boleh ikutan gaa wkwkwkwk,normal
murah! hanya rp25rb dptkan 2gb paket internetan utk 30hr. kini internetan jadi semakin seru! aktifkan segera di 550 904 promo s d 29feb16,promo
yank tolong isi in pulsa di no ini.08532556742 ini no baruq.skrng penting,penipuan
"promo poin spesial! tukarkan 20 tselpoin kamu dengan 20menit, 100sms, atau 20mb di 700 20 . periode promo 11 31 juli 2016. info hub 188",promo
"ada nama1 . tpi gatau msh berfungsi atau engga, udh lama ga dipake sih",normal
"maaf, hanya iklan penawaran pinjaman uang tunai tanpa jaminan kta 5jt s.d 200jt dg ktp d kartu kredit, bunga flat, simpan sms ni a hub. 085717559229 02199001886",penipuan
hi! ayo coba grab untuk pemesanan taxi yang cepat dan aman. klik,promo
pesta m tronik!! anda sebagai pelanggan setia m tronik terpilih pemenang hadiah ke 3 pin pemenang 2aiu87e u info klik,penipuan
slmt!! no anda men dptkan hadiah dr pengundian poin plus plus indosat no pin d377hi8 info pemenang silahkan klik,penipuan
dikirim nya disatuin ?,normal
nikmati nelpon dan sms unlimited ke sesama indosat ooredoo internetan sepuasnya 3 hari dengan paket ramadhan unlimited. ketik 123 88,promo
"mohon maaf, promosi pinjaman uang tunai, syarat copy kartu kredit, bunga mulai 1,5 bln, gratis asuransi, hub ani 021 91949720 lia 021 34343669 , proses cepat",penipuan
"nama1, minta controller dan view nya aja.",normal
no bri atas nama kamu mana,normal
kamu sibuk ngapain aja disana ?,normal
krn pulsa limit tidak mencukupi. dptkan informasi seputar kartu tri di 123 atau via aplikasi bimatri,normal
aku mau nyari data yang dibutuhin dari tabel mana aja.,normal
kalo kata raditya dika tuh cara pandang org ttg cinta akan berubah setelah mengalami patah hati terhebat. haha,normal
"selamat bergabung di tri, nikmati kuota 3gb utk 30 hari.kuota akan diperpanjang otomatis selama pulsa cukup. nikmati bonus kuota berlipat hingga 1gb setiap perpanjangan. kartu otomatis menjadi non aktif jika dlm waktu 3 bln tdk ada aktivitas sama sekali",promo
"mau paket data cuma 10ribuan? buruan cek di 345 , penawaran ini hanya berlaku sebelum 1 juli 2016",promo
smartfren gratis mi fi modem 4g tahun baru saatnya ganti gadget baru bawa pulang mi fi 4gm mu dg tunjukan sms ini ke galeri sf isi pulsa 100rb disana s d 13jan info 88,promo
gunakan grabcar atau grabtaxi dapatkan diskon 35ribu ke dan dari stasiun bandara di bandung. masukkan kode promo grabtravel hingga pemakaian 30 september 2016. hatur nuhun.,promo
"slmt! no anda m dpt 1 unit mobil all new avanza,dari telkomselpoin pin_pmenan anda b89c7h9 u info lengkap kunjungi",penipuan
"seminar ke denpasar bali mewakili kemahasiswaan kewirausahaan dapat biaya transport rp 10 juta. nomor peserta 100 semnas 997175 dikti 2011. direktur kemahasiswaan dikti prof. dr. joko purwanto, m.si. hubungi 081281108799 wahyudin zarkasi. no. referensi ptx 001 3591 0100 1572 503",penipuan
nanti aku push aja ya kuota modem lg hbs,normal
"iya, makanya aku butuh data kalian teh soalnya datanya dari sana. tapi harus ada rj atau rd.",normal
"mau internetan kuota besar dan harga murah? buruan cek di 345 , penawaran ini khusus nomor kamu cuma berlaku sebelum 16 juli 2016",promo
"nama1, minta database kamu sama view dan controller yang ada js buat dropdown kotanya.",normal
"pokonya kalau ada yang mau push bilang aja usahain, bisi barengan push nya. terus kalau push, pull dulu.",normal
"promo beli paket flash mulai 1gb di my telkomsel app dpt extra kuota 2gb 4g lte dan extra nelpon hingga 100mnt 1hr. buruan, cek di tsel.me mytsel1 s k",promo
2.5 gb 30 hari hanya rp 35 ribu spesial buat anda yang terpilih. aktifkan sekarang juga di 550 905 . promo sd 30 nov 2015.buruan aktifkan sekarang. s k,promo
"murah dan seru banget main gamesmu, pakai pulsa aja beli koinmu, cek caranya di",promo
"dear customer, kindly values your experience at telkomsel service, score between 1 very poor to 5 excellent , send sms to 1166 free for int l charged",promo
mau bonus keren dari indosat ooredoo? ketik 345 dari hp kamu sekarang juga..!!,promo
berarti saya ke palasari nya skrg .. abis itu langsung ke gik,normal
"ada yg nikah muda, ada yg gagal nikah, ada yg pacaran lama eh putus tapi alesannya karna terlalu sayang jd gak mau nyakitin pret , ada yg jagain jodoh org, ada yg ah banyak lah wkwk",normal
bebas.. senin stuju.. apa aja yg di kebapain selain program ?,normal
"indovison promo hanya 299 rbu, nikmati 2 bln berlangganan, gratis biaya pasang bonus cinema 3 3bln . hub 087738718255, 0855796717 pin bb 32f1c805",penipuan
pakai handphone xl axiata mu langsung bisa internetan pakai xl,promo
oo kalau kamu misalnya lanjut brp dit?,normal
aku depan pasca skrng,normal
"terkini, ungkapin apa yang ada dipikiranmu lewat sticker line, beli pake pulsa tsel download di stickershop",promo
"aamiin, makasih semuanya moga cepat lulus juga",normal
"yuk temen belanja di google play, mudah banget loh, pakai pulsa juga bisa,",promo
anda mempunyai 3 pesan suara dari 083139195872 untuk mendengarkan pesan suara anda silahkan tekan 886 100 083139195872 tekan ok ya. bebas biaya. terima kasih,penipuan
"aku mah sering ditinggal jualan, jd mau marah juga ntar alesannya duit kan buat km juga , diem lgsg haha",normal
"ada sih yg nikah muda tp keliatan bahagia, tp one of a million kayaknya kalo temen2 ku hmm",normal
aku di pt. di,normal
"bpk ibu yth, pemilik no.08994150xx pin undian 4881247 resmi m dptkan rp.15jt cs 02199545139 atau klik 3care2016.com",penipuan
nama1 dah selesei blm machine learningnya ?,normal
"punten, ada yang punya kontaknya teh lulu 2011? nuhuun",normal
penggunaan terakhir anda adalah 35417.00 dan telah memenuhi pemakaian pulsa minimum. masa aktif kartu anda diperpanjang selama 30 hari dan akan aktif sampai 04 10 2016,normal
guys numpang promosi bisi ada yg butuh.. dijual macbook air layar 11inch ram 4gb ssd 128gb garansi sisa 5 bulan dijual karena jarang di pake.. harga pm,normal
jam brp brpnya bsk kabarin kalau ngumpul sore ini bisa yaa,normal
"gratis pulsa hingga 250rb selama 7hari 7malam cuma dg isi ulang mulai 10rb. daftar segera, ketik gratis krm ke123 reg ckp 1kali info ketik info krm ke 123",penipuan
cape sih tp da susah euy kalo udah pikiran gtu teh,normal
"saya sedang nunggu beliau pak,beliau sdg ngobrol dgn client",normal
"butuh piknik?ada nih liburan gratis ke hongkong!cara pake pulsa axis di hp androidmu buat transaksi sebanyak2nya items pokemon go,bigo,coc, dll!info838 ld328",promo
slmt!! no anda men dptkan hadiah dr pengundian poin plus plus indosat no pin d377hi8 utk info pemenang silahkan klik,penipuan
nama1 beaok bwrangkat pagi..mau cas atay tranfer?,normal
biar rapih aj mad. ini controllernya msh digabung2 aku bikinnya perfungsi soalnya,normal
surat_keputusan dari tricare indonesia no xv 2015 pin pemenang 8jf2177 mendapatkan 1toyota yaris u info kunjungi atau blogspot.com,penipuan
diagnosa mana? di pasien_irj ga ada diagnosa,normal
biasanya mah stasiun teh sebelum lewatin rel nama1,normal
info resmi pt.tri.3 simcard anda resmi m dptkan hadiah mobil mazda 2 kode pin e2747mlb info hub 08996913677 klik,penipuan
permintaan anda akan segera kami proses untuk keyword reg gita dari layanan pt. hypermind,penipuan
"cobaan itu teh dy, kadang cewe mah overthink dan overreact",normal
selamat! anda sudah mengaktifkan instink utk dpt info menarik dari telkomsel. info berhenti program 600 600 . cs 133 188,promo
kalo mau masak bawa bahannya dr rumah masing2 biar irit wkwk,normal
makanya sebelum tibatiba layarnya hitam gt diapain? jatoh?,normal
dptkan e tiket promo untuk penerbangan domestic internasional booking online 24 jam info hub 081316899123,penipuan
mandi?? aku selesei isya mau bobo,normal
"anda tlh menukarkan poin 95 poin, tukarkan terus poinnya siapa tahu anda pemenang hadih lg g3 32gb, pemenang adalah yang menukarkan poin tertinggi s d 30 november 15",promo
"naik kelapa ledeng turun di ciateul, sebelum terminal bgt. terus naik kalapa dayeuh kolot turun di depan kantor bgt.",normal
"blackberry online big sal 50 bb z10 rp. 4 jt dakota rp.2,8 jt samsung note ii rp. 3 jt iphone 5 16gb rp. 3jt laptop,camera dll minat, invite to bbm pin 25a4ff8c",penipuan
cukup alquran sbgai pedoman bagi org2 yg beriman.,normal
thank you for your appreciation trust in using telkomsel service. for further feedback please advice text sms to 1166 free for int l charged,promo
pelanggan yth. simcard anda sbg pemenang mendptkan hadiah mobil toyota all new yaris pin 8jf2177 dari gebyar undian 3 care untuk info lenkap klik,penipuan
kamu kapan ke bandungg??,normal
"transfer ke bni aja, a n soraya harum rek 0233 293 922 klo sdh kbrin di nmr ini ya!",penipuan
min lg dmn? mo ngambil sertifikat yg kompas hihu,normal
"aku ga enak euy bilang ke adiknya, adiknya pengen ke pvj nama1",normal
"yg dian ge waktu itu yudisium akhirnya sore2, ga dibarengin sama nondik sampe jam 6kurang keluar yudisium teh",normal
nama1 kalau kelompok sistem pembelajaran bhs jepang itu siapa ajaa?,normal
surat keputusan dari tri care indonesia no.xv 2015 pin_pemenang anda 67ytg44 mendapatkan hadiah cek tunai rp 45 jt. u info kunjungi,penipuan
"ngajak wida tuh, kan beliau habis seminar. hihip",normal
ko gtu ya parah bgt masa jam kerja ngeroko. biar dapet inspirasi meren ya,normal
iya liat mock up nya maksudnya,normal
salam jepret karet gelang. hihip,normal
andipublisher.com po0216020925 9600 02 02 2016 bni bank mandiri,normal
"saya arum k prasodjo operator tri jkt pst bekerja sama dengan pt.pos persero membuat surat pemberitahuan untuk anda tapi alamat registrasi kartu tri anda tidak di temukan jadi kami kirim lewat sms info ini.selamat!,nomor anda menang undian tri yang di siarkan di mnctv tgl 11 agustus 2015 sebagai pemenang ke2 dengan pin undian 3342m.lengkapi prosedur hadiah anda sebelum jatuh tempo klik",penipuan
"pak, indeks nilai b gabisa diturunin lagi pak? soalnya kemaren saya liat nilai udah b, terus tiba2 turun jadi b karena penilaiannya pake",normal
gara gara batman. pdhl udh diulang,normal
"paket bronet 24jam 2gb 60hr rp28800 akan segera aktif. temukan penawaran menarik axis lainnya, telp 123 .info838",promo
dapatkan disc 20 di mcdonalds khusus utk pembayaran dgn tcash tap!dptkan stiker tcash tap di grapari terdekat. info tsel.me tappromo,promo
"hari ini freedom combo xl rp89rb normal rp149rb . double kuota 5gb 5gb 4g promo 10gb 4g , unlimited nelp sms ke indosat ooredoo. ketik freedom xl ke 363",promo
pelanggan yth selamat! no.simcard anda 081571xx resmi menang undian poin plus plus edisi th2014 pin anda er56d7 u info klik,penipuan
iyaa makanan bumbu dsb juga biar bisa dibawa dr rumah supaya irit hehehe,normal
"lelah byr min payment? kami solusinya, bantu secara legal penutupan cc kta, dscn 50 75 . hub.lolyta 081316523061 087822962308 wa . legal",penipuan
"tolong uangnya ditransfer saja ke bank xx a n. xx 0231327xx, kalau sudah ditransfer sms saja, terima kasih",penipuan
selamat anda telah mendapatkan bonus pulsa rp 100.00 ke sesama indosat ooredoo berlaku 3 hari dan poin senyum anda bertambah. cek bonus 557 8,promo
"ayam aja pak, terus satu paket itu sama isinya ap aja?",normal
pak kalau seporsi berapa ya ?,normal
"tolong uangnya di transfer sekarang aja ke bank bni 022 741 3681. a n friska ananda, sms kalau sudah di transfer, trimksi.. see more at",penipuan
promo blackberry bb dakota 2jt bb torch 1.5jt bb davis 1.3jt bb orlando 1.8jt bb gemini 950rb berminat hub 085715186696 promo terbatas,penipuan
gais laporan 40 itu di bimbingan pembimbing lapangan?,normal
"banting harga !! internetan dgn kuota 1,5gb hanya 10rb rupiah, paket berlaku sebulan. mau?? ketik ya ke 919 s d 16 desember 2015",promo
"mainkan terus games mu sekarang, dan beli koinnya pakai pulsamu, cek caranya di",promo
"nama1, note nama1 yang dinamic ada di emil. kembaliin ke nama1 atau gmana?",normal
"boleh bu, kalau ada yang bakal pindah bulan itu. kalau tidak keberatan bisa kabarin bu. terima kasih.",normal
"ass, mengenai rumah dan tanah yg kemarin, sy sdah survei, sy mrasa cocok, untuk nego harga hubungi atau sms suami saya, pak. haji. dermawan 0857960225.",penipuan
gpp kali beda beda sep,normal
waktu itu malas sep hihi. dilihat jd lebih rapih aja,normal
kok antara optimis dan ngga yah,normal
"isi pulsa lebih untung di myvplus! selain dpt pulsa kamu bisa lsg dpt voucher diskon, dpt hadiah dan juga dpt point. yuk klik",penipuan
beli 2 gratis 1 atau beli 1 diskon 25 tiket kampung gajah wonderland bandung s.d 31 mei 2013. tunjukkan sms kpd petugas .info,promo
nama1 ke pt. inti?,normal
kami sdh mnghubungi tdk trsambung sim card anda mendapatkan hadiah ketiga dri pt.axis pin 02399877 klik,penipuan
"ooh iya klo controler, ku kira td modelnya.",normal
subuh jg abis maghrib itu teh ahaha,normal
"bisa internetan 1,5gb cuma dengan 20rb, paket berlaku 90 hari. mau?? ketik ya ke 919. penawaran berlaku s d 8 januari 2016",promo
"kejutan poin, hadian rp 15 jt resmi diberikan untuk pemilik nomor 0812330xx. pin x7af2547. untuk info kantor pusat telkomsel 021 23867047, 021 23867048.",penipuan
"nikmati double kuota promo 10gb 4g di jaringan data terkuat, unlimited nelp sms. 24jam, dgn pkt freedom combo. tekan 123 atau indosatooredoo.com freedom",promo
"plg yth, selamat nomor 3care anda terpilih mendptkan hadiah cek tunai rp.45jt dr program undian 3care pin 7711ca88 info klik",penipuan
"nanti kalau mau transfer, tipon dulu di no baru saya ini. 085624347737 soalnya ada perubahan no rekening. terima kasih",penipuan
slmt!! no anda mendpt hadiah rp. 75 juta. dari telkomsel poin. diundi tadi mlm pukul 23 30.wib di rcti.info hub 085377177138.ir. serianto. pengirim 77,penipuan
mungkin aa nya tau kl wajah nama1 bakal beda sendiri pas gaya ini up,normal
"selamat, anda telah membeli paket combo kenyang internet as. cek bonus di 889 .",promo
slmt!! no anda m dpt mobil avanza dr kartu as di undi td malam di metro tv pkl 23.00 wib u info klik atau hub 001628528655255,penipuan
"oh, kelurahan dll dari data_pasien ternyata. butuh oge.",normal
ada yg tau ruangan pak daya yg di fpmipa b?,normal
"pesan dari nama1 assalamu alaikum wr.wb. pak, indonesia android kejar bekerjasama dengan depilkom mau mengadakan pelatihan android level intermediate, masih ada slot 2 orang lagi, syaratnya sudah pernah membuat app android dan ngebuild menggunakan android studio, barang kali di kelas bapak ada yang berminat. nuhun.o ya pelatihannya mulai hari sabtu besok, 2 april, setiap sabtu selama 7 pertemuan, bertempat di lab praktikum kita.",normal
nak ini ayah. tolong kirimin ayah uang 500rb ke no rek 0385 0100 7302 504 a n yanti. ayah lg dikantor polisi ngurus surat tilang. mks,penipuan
"ayo nama1 semangat skripsian yaah biar cpt lulus, kerja, dan cpt nikah wkwkwk",normal
paket tadi sore mendadak habis.,normal
"di folder sql, aya sql rawatdaruat.sql tinggal sesuain sama yang maneh we. cobaan k ente jalanken. di urg mh teu jalan ngan load view mh bisa. error di database. soalna lieur gabungken database na.",normal
hari ini! bronet 24jam 3gb 60hr rp31900 dan bronetspecial 6gb 60hr 3gb 24jam 3gb 00 06 rp34900 di 123 88 segera aktifkan paketnya sekarang!! info838 ld300,promo
minggunya pengen ke lembang git seharian ngubek bandung,normal
"hquarters business residence lokasi emas asia afrika bdg hrg prelaunch,profit 140 ,roi 10 thn bs libur byr 2th tsm 21des 3jan 085794074188",penipuan
hari rabu saatnya blanja di blanja.com nikmati diskon spesial untuk transaksi dengan tcash! s k berlaku. klik blj.co tcashrabu,promo
isi ulang rp500.0 berhasil. kode transaksi 99100827288792. cek 123 88 untuk promo rabu rawit jumat baik buat semua pelanggan axis!,promo
nikmati ekstra pulsa 50 dgn isi ulang min. 100rb hanya di aplikasi mytelkomsel menggunakan kartu kredit visa! download di promo s d 11 agst 16,promo
"tp aku gak tertarik gt sih diperusahaan itu, org it nya baru satu",normal
nikmati extra 2gb 4g lte extra voucher belanja hingga 100rb dg beli pkt flash 1gb 30hr mulai rp 43rb di 363 49 cek tarif di tsel.me fl skb,promo
"terimakasih, saat ini anda masih terdaftar sebagai pelanggan tcash.",normal
"permintaan anda sedang diproses. beberapa saat lagi paket internet anda akan di non aktifkan, dan akan berlaku tariff dasar internet.",normal
"selamat sore teh, ini dg nama1 lg nyari kosan perbulan. apakah ada yg kosong teh disana? terima kasih.",normal
"habis ini, pake groupwhere. biar ga berceceran filenya.",normal
kalau pertable emg lbh rapih laporan sih mad cuman bingung kalau pertable kdgkan ada yg dipake didr bbrp table gmn tuh mad?,normal
aku jg blm berangkt wkwk,normal
"rawit kuotanya bagus, harganya khusus. ayo isi ulang kartu axis kamu sekarang, pastikan besok ikut promo rabu rawit. info838. ld299",promo
"2016 07 08 11 47 11.plg yth, sisa kuota flash anda 478kb. download mytelkomsel apps di utk cek kuota beli paket flash atau hub 363",promo
"iya, semua kamera kecuali kamera lia aku taro di situ semua",normal
"hai apa kabar? ada bonus meriah cukup isi pulsa minimun rp 5 ribu s.d 15 november, kamu langsung dapatkan 300 mb gratis. ayo isi pulsa! bonus utk 3 hari. rl044a",promo
"nomor kamu tidak memiliki paket netmax. dapatkan paket netmax 5.5gb dan 7gb melalui hape 123 , aplikasi bimatri, atau website tri.co.id.",promo
bagi yg tertarik lanjut ke gemastik 2016 ini tempat diskusinya,normal
"yuk tetap gunakan flash volume ultima utk update informasi anda, kuota 60mb 7hr mulai rp7rb di 100 431 . tarif lokasi cek di tsel.me fl",promo
oke kalau untuk dp harus berapa ?,normal
gampang da cuma tampilan doang.,normal
"jajaran kantin 79 kesana deket2 pengkolan pokoknya kang, ada tulisanya da",normal
"sebelum di bayar di transfer harap hubungi dulu atasan saya,bpk ardiansah no tlp 081563257257 soalnya ada perubahan pembayaran .",penipuan
"sama ini, misal ini web di pake dan dapet komisi tuh, nah kita kecipratan ga? nanya aja, hehe. da gapapa meren nanya gitu. engga kecipratan juga hapapa, tapi seengganya di web nya ada.",normal
"nikmati diskon 25 tarif sli 008 ke semua negara mulai pukul 00.00 sd 06.00 wib, sd 31agustus 13. info lengkap ketik 122 5 4 atau",promo
topup pulsa rp500 berhasil via transfer atm bni kode trx 01123190427523627. pulsa anda saat ini rp 54205. terima kasih telah menggunakan indosat ooredoo,normal
angpaopoinsenyum! dptkan vchr lottemart 50rb dg tukar 2500poin normal 500poin sd 11feb16. ketik 123 7887 2 5 terbatas! info,promo
engga tau sep ntr di kosan aku cek sepertinya tidak ada semalam aku liat,normal
aigoo banyak banget chatnyaa aku baru liat hape hehehe,normal
rp30rb bln utk 3 bln hrg normal rp59rb utk bln ke 4 dst bisa nelpon sms sepuasnya ke im3 plus kuota 3gb 10gb 4g . mau? ketik ya ke 919 sd 05 aug 16,promo
hmm sebenernya itu cuman eksekusi jquery di control sep. coba cek jquery yg dicotroller waktu klik button. kan ke controller yg buat nyetak pdf,normal
buktikan hematnya pakai argo tetap di bandung dengan grabcar hingga 20 . hayu ajakan rerencangan sareng buktikeun nyalira!,promo
ketik ya ke 919 s.d 14 maret 2016. cuma rp59rb per bln! lgs dptkan 1 1gb 4g bonus 10gb 4g utk internetan telp sms sepuasnya ke semua nomor,promo
"hot promo internetan kuota 1,2gb 30hr hanya rp 15ribu aja! beli di 363 822 . promo s.d 30juni16. s k",promo
"ayam sayap paha bawah , nasi, perkedel rp. 19.545. gratis teh pucuk. tukar sms ini di cfc hasan sadikin hari ini. selama persediaan msh ada. promo 606",promo
soalnya bapa mau liat database secara keseluruhan.,normal
"assalamualaikum bu. saya nama1 mhsi ilkom 2012 baru dpt pembimbing skripsi. mohon maaf bu, kalau minggu ini ada di kampus hari ap aj bu? terima kasih.",normal
aku teh cuma bawa celana jeans yg tua tp jilbabnya yg muda _,normal
kang nama1 tuh baru menang 2 milyar hahaha.. kemakom berprestasi,normal
"jangan dikejar diskon berlari, beli rawit diskon datang sendiri.ayo isi ulang kartu axis kamu sekarang,dan pastikan besok ikutan promo rabu rawit.info838.ld279",promo
ini rekeningnya bri. rek 0881 1010 3433 4506 a n.rasto murdoyo.,penipuan
pt.tri care selamat!! simcard anda mendapatkan hadiah 1 unit toyota avanza dengan pin f8hj7tl untuk info klik,penipuan
resmi dari indosat no anda 0815xx terpilih sebagai pemenang poin plus plus pin pemenang anda b89c7h9 u info klik sms ini dikirim dari no 085798428715,penipuan
aku senin udah ke tempat kerja. minggu2 depan aku gaktau bisa ngga,normal
kalo satpam tanya bilang aja ketemu saya,normal
nikmati ekstra pulsa 100 dgn isi ulang min. 50rb hanya di aplikasi mytelkomsel menggunakan t cash! download di promo s d 11 agst 2016,promo
wassalamu alaikum wr wb uangnya dikirim saja ke no rek ini bri a n nova aryaxx 0544 0100 8633 xx kalau sdh transfer sms aja di no ini trmh kasih no. hp pengirim sms 0821 5104 2542,penipuan
"bebas nama1, terus nanti kalau ada tgl libur, pajuin aja misal jadi kamis atau sabtu.",normal
"penyetoran angsuran nya kalau mau di bayar harap tlp dlu ke atasan sy bpk iwan, hp.0823197334, dri indomobil finance, tks",penipuan
"sy rudy dri malaysia brencana investasikan uang sy sbagai bekal hidup di indo,sy butuh org yg bisa sy percayakan uang sy rm 5jt,bila bsedia,sms di 085256144059",penipuan
"nama1 gedung manunggal tridaya pucakti pusenkav teh 1,5 ternyata wkwk",normal
plg yth! no anda 081310xx m dpt hadiah all new avanza dr pt.telkomsel pin anda b89c7h9 info klik,penipuan
sekalian aku mau nanya alur dari rawat inap ke lab sama radiologi. kalau obat kan ga ada yang ngolah.,normal
"solusi khusus pemegang kartu kredit, nikmati kredit tanpa angunan dari bank asing 5 99 jt 1,79 100 150 jt 1,5 hub lukman 081586769255 021 94828857",penipuan
kalau mau bikin model controller mending per apa y?,normal
buruan download registrasi mycare di dan dapatkan promo 10gb 4g di paket freedoom m l dengan harga khusus hanya hari ini.,promo
kirimi dulu pulsa 20ewu di no ini 085285485839 mas agus,penipuan
"da gapapa public juga, asal jangan ada yang dimasukin.",normal
"melayani fasilitas pinjaman dana tunai melalui jaminan bpkb mobil. cover area seluruh daerah indonesia..bunga 0,8 1 flat bulan, no bi cheking, proses cepat,, data lngsng dijemput pihak survey kami bfi finance hub oktra mariadi sihaloho cp 082122483312",penipuan
pt.bni persero tbk. rekening anda terpilih dapat rp.27jt dari rejeki bni taplus. kode cek 02599875 silahkan klik,penipuan
keputusan resmi 3care selamat no.anda terpilih m dpt tabungan rp.35jt pin m902cx8j info kelik,penipuan
buat yg mahasiswa baru,normal
jadinya aku ambil bulanan sampe desember. tapi sekamar berdua sama sodara aku,normal
"pinjaman s d 1 miliard jaminan bpkb mobil truck min th 1998. bunga 0,8 . syarat mudah. proses1hari pt. bunas finance tbk cover all wilayah andi 08133013449",penipuan
"dapatkan bonus pulsa hg 50rb jika isi ulang di hari minggu, isi ulang mulai dr 10rb. ktk gratis krm ke 123. panduan ketik pan krm ke123. cek bonus tekan 55 3",promo
teh jadi mau ketemuan,normal
mgkin periksa nama id di view jg sep,normal
"saya ijin undur diri, kalau ada kepentingan mangga di japri saja. terima kasih middle eastern woman",normal
paket anda sudah di non aktifkan atas permintaan anda. penggunaan internet anda akan di kenakan tariff dasar internet sesuai skema tariff kartu anda. hubungi 363 untuk aktifkan paket internet lainnya. info lebih lanjut,promo
"mega prima tama promo discon 20 50 blackberry dacota rp. 2.700.00 onyx 2 rp. 1,8 iphon,ipad laptop, camera, dll info pin bb 2a9ea404",penipuan
"info pla assalam..bagi yg ambil mk pla wajib kumpul pada hari tgl kamis,25 agustus 2016 pukul 10.00 wibb..agenda pembekalan dan penjelasan pla.tempat gdg jica lt.3 r.s301.demikian informasiny..harap diperhatikan d disebarkan",normal
selamat ulang tahun semoga panjang umur dan sehat selalu,normal
"2016 08 07 11 29 47.plg yth, sisa kuota flash anda 7160kb. download mytelkomsel apps di utk cek kuota beli paket flash atau hub 363",promo
"wooh ada yg mau nikah lagi, udah lulus langsung diiket",normal
pangmeulikeun heula pulsa bpa anu simpati 20ribu we ke digantian ku bpa ieu nomor na nya 081356256931,penipuan
"pemakaian internet kamu sdh mencapai batasfup,kecepatan akan disesuaikan.lebih eksis dgninternetgaul bulanan cuma rp29,900! info838",normal
"pelanggan yth, anda mendapatkan hadiah ke 2 dari, poin plus plus indosat. pin pemenang b89c7h9 info pemenang klik",penipuan
paket 1.5gb berhasil diaktifkan. restart hape kamu utk dpt menikmati kuota internetan selama 90hari. cek sisa kuota di 557 8,promo
"mau cepat gift paket extra kuota internet ga mau ribet isi ulang pulsa? download aja aplikasi mycare, smuanya jadi mudah. install di",promo
surat keputusan pt.tri.3 slamat no.08966xx resmi m dptkan honda jazz rs kode pin 477bfg7s info hub 08606490199 klik,penipuan
mau uang tunai 1jt?ayo gabung layanan video cliponyu keluarkan jurus gombal mu yg paling dahsyat utk host2 cantik cliponyu. ketik clip ke 9900.cs 0212965733,penipuan
"gatau tadi bapa nya keburu jumatan , pokonya suruh ngumpul dlu gt katanya",normal
"maaf, aku lupaa, hp aku baru nyala dadi pagi belum pulang ke kosan, maaf pisaan",normal
selamat anda t rpilih l ngsung m ndptkan hadiah dr pt.telkomsel rp 75jt.u info hubungi pusat 085245780079 drs.h.mulyadi pelaksana telkomsel,penipuan
kalo daftar doang tapi belum tentu jadi prasidang boleh ga?,normal
semangat!! aku jg nanti bunganya aku titipin ya. eh mau bunga atau makanan wid?,normal
karena kamu pelanggan setia kamu bisa tukarkan hp smartfrenmu dg andromax e 4g lte hny 859rb nrml 99rb . segera ke galeri smartfren,promo
"toko jaya bb,, discount 50 berbagai type blackberry gemini 900 ribu, torch 2,5 jt, dakota 2,8 jta nokia samsung, info klik",penipuan
min kalo ada inpo kosan perbulan share ya,normal
"assalamu alaikum,saya reski dr costumer servis tri plaza semanggi lt.1 jl.jend sudirman jkt pst sdh m hubungi anda waktu pengundian di lakukan tapi no.anda tdk tersambung, jd kami krimkn lwt sms sebelum jatuh tempo, bahwa no.anda menang undian dr tri 2014 jenis hadiah 1unit mobil suzuki ertiga new,dengan pin 2d45cs77, jadi silahkan cek terlebih dahulu di website hub 021 4016177 0899417988",penipuan
pesan resmi selamat no simcard anda m dptkam hadiah cek.rp.35juta dr tri care pin 7y7r8k9z info keik,penipuan
blm aku cek min mau apa? kalau penting bgt nanti aku gedorin,normal
"supaya kita bisa mulai cepat, tolong posisi duduknya diatur dari awal, diberi jarak satu kolom kosong selang seling.",normal
"assalamualaikum akang teteh, jangan lupa ya hari ini ada carrier day jam 10 30, exhibition fpmipa b love hayuu teh ditungguu",normal
yg ragu sm bulet datar atau yg pgn ikutan debat kusir v,normal
"isi ulang kuota 3gb berhasil, dan kuota tlh ditambahkan. nikmati juga bonus nelpon ke semua tri rp10rb, cek bonus di 11 2 atau bimatri.",promo
"aku delete aja ya, ntar nama1 pull dulu atau sync dulu, ntar masukin yang nama1 , baru push.",normal
kalo pake daging yg dah direbus enak gak dijadiin sate?,normal
"aku ada spagetti, tp usah kaldaluarsa belum yah",normal
